customer_id,first_name,last_name,email,gender,phone_number,city,state,zipcode,country
374,Davon,Andriveaux,dandriveauxad@zdnet.com,Male,843-430-8065,Nybro,Kalmar,382 33,Sweden
694,Flin,Allner,fallnerj9@qq.com,Male,385-278-4885,Nybro,Kalmar,382 33,Sweden
645,Natty,Loddy,nloddyhw@cbc.ca,Male,315-539-4671,Nybro,Kalmar,382 43,Sweden
729,Ber,Shakelady,bshakeladyk8@discuz.net,Male,467-709-8497,Mönsterås,Kalmar,383 24,Sweden
990,Gregoor,Davis,gdavisrh@epa.gov,Male,788-764-2039,Mönsterås,Kalmar,383 24,Sweden
97,Clair,Cumberbatch,ccumberbatch2o@prlog.org,Male,975-827-2525,Torsås,Kalmar,385 30,Sweden
835,Wendel,Poley,wpoleyn6@meetup.com,Male,161-957-8696,Torsås,Kalmar,385 30,Sweden
73,Cory,Bohan,cbohan20@craigslist.org,Male,791-464-3481,Färjestaden,Kalmar,386 35,Sweden
929,Rog,Mylechreest,rmylechreestps@list-manage.com,Male,854-922-5993,Borgholm,Kalmar,387 34,Sweden
727,Heinrick,Currell,hcurrellk6@ucla.edu,Male,315-374-8904,Kalmar,Kalmar,391 21,Sweden
722,Bernard,Shouler,bshoulerk1@tamu.edu,Male,356-751-6895,Kalmar,Kalmar,392 30,Sweden
93,Rutger,Morch,rmorch2k@fotki.com,Male,718-858-8527,Kalmar,Kalmar,393 53,Sweden
100,Rhys,Eilhermann,reilhermann2r@eepurl.com,Male,402-783-0295,Kalmar,Kalmar,393 53,Sweden
552,Hyatt,Joseph,hjosephfb@scientificamerican.com,Male,388-600-6302,Kalmar,Kalmar,393 59,Sweden
657,Trace,Exon,texoni8@tmall.com,Male,223-879-5678,Oskarshamn,Kalmar,572 32,Sweden
203,Esme,Devitt,edevitt5m@jimdo.com,Male,984-531-4359,Västervik,Kalmar,593 35,Sweden
803,Tanitansy,Blakeslee,tblakesleema@who.int,Female,795-664-4262,Emmaboda,Kalmar,361 31,Sweden
713,Rodie,Plumer,rplumerjs@wiley.com,Female,643-460-7184,Mönsterås,Kalmar,383 24,Sweden
21,Dennie,Everitt,deverittk@dyndns.org,Female,113-561-4157,Torsås,Kalmar,385 30,Sweden
211,Vally,Brooks,vbrooks5u@forbes.com,Female,149-124-9218,Färjestaden,Kalmar,386 94,Sweden
399,Dianna,Book,dbookb2@howstuffworks.com,Female,129-656-4088,Köpingsvik,Kalmar,387 95,Sweden
700,Lisbeth,Bewshea,lbewsheajf@webs.com,Female,785-579-7421,Kalmar,Kalmar,392 30,Sweden
119,Frieda,Schoolcroft,fschoolcroft3a@archive.org,Female,607-193-4819,Kalmar,Kalmar,392 47,Sweden
393,Britni,Ruprecht,bruprechtaw@huffingtonpost.com,Female,302-776-9543,Kalmar,Kalmar,392 47,Sweden
420,Elie,Lonsdale,elonsdalebn@bluehost.com,Female,382-171-8214,Kalmar,Kalmar,392 47,Sweden
692,Blancha,Suggett,bsuggettj7@cpanel.net,Female,131-240-3789,Kalmar,Kalmar,393 53,Sweden
649,Audry,Laverenz,alaverenzi0@uol.com.br,Female,589-760-0602,Hultsfred,Kalmar,577 32,Sweden
139,Seana,Oakly,soakly3u@icq.com,Female,823-706-6853,Västervik,Kalmar,593 30,Sweden
906,Gail,Lissaman,glissamanp5@ebay.com,Female,590-261-7749,Västervik,Kalmar,593 93,Sweden
43,Eula,Le Cornu,elecornu16@yahoo.com,Female,139-447-9018,Gamleby,Kalmar,594 93,Sweden
782,Rafa,Larenson,rlarensonlp@uol.com.br,Female,401-373-3486,Gamleby,Kalmar,594 93,Sweden
157,Corie,Winsome,cwinsome4c@com.com,Female,922-808-6603,Vimmerby,Kalmar,598 24,Sweden
730,Bill,Hollibone,bhollibonek9@de.vu,Female,381-518-9124,Vimmerby,Kalmar,598 24,Sweden
349,Gussi,Goward,ggoward9o@aol.com,Agender,743-140-1470,Färjestaden,Kalmar,386 94,Sweden
210,Cathie,Lowseley,clowseley5t@businessweek.com,Polygender,543-408-0271,Västervik,Kalmar,593 93,Sweden
508,Trescha,Mcwhinnie,tmcwhinniee3@list-manage.com,Polygender,168-973-5735,Vimmerby,Kalmar,598 24,Sweden
31,Bern,Matthiae,bmatthiaeu@mysql.com,Genderfluid,631-908-5119,Västervik,Kalmar,593 93,Sweden
115,Rhetta,Greensitt,rgreensitt36@indiatimes.com,Genderfluid,327-873-7975,Vimmerby,Kalmar,598 93,Sweden
972,Bernardo,Hobson,bhobsonqz@bluehost.com,Male,645-817-3818,Trelleborg,Skåne,231 68,Sweden
876,Gabriel,Loukes,gloukesob@dedecms.com,Male,537-168-8777,Svedala,Skåne,233 94,Sweden
981,Bjorn,Bielfelt,bbielfeltr8@abc.net.au,Male,713-683-1380,Svedala,Skåne,233 94,Sweden
291,Blayne,Penwarden,bpenwarden82@woothemes.com,Male,839-438-4786,Lomma,Skåne,234 27,Sweden
538,Talbot,Whordley,twhordleyex@apple.com,Male,870-629-6157,Lomma,Skåne,234 27,Sweden
664,Hagan,Danielovitch,hdanielovitchif@vimeo.com,Male,553-308-7738,Vellinge,Skåne,235 36,Sweden
880,Skye,Zimmermanns,szimmermannsof@blogs.com,Male,222-550-3689,Bjärred,Skåne,237 24,Sweden
328,Penny,Tombleson,ptombleson93@1688.com,Male,209-435-7855,Skanör,Skåne,239 35,Sweden
767,Hewett,Glasscoo,hglasscoola@lulu.com,Male,663-879-2207,Eslöv,Skåne,241 32,Sweden
760,Barbabas,Buttler,bbuttlerl3@noaa.gov,Male,989-628-1556,Kävlinge,Skåne,244 24,Sweden
451,Pace,Semechik,psemechikci@goo.gl,Male,138-333-5157,Kävlinge,Skåne,244 82,Sweden
689,Koenraad,Neubigin,kneubiginj4@nyu.edu,Male,904-877-9912,Södra Sandby,Skåne,247 25,Sweden
984,Edan,Trotman,etrotmanrb@over-blog.com,Male,170-826-8780,Helsingborg,Skåne,250 06,Sweden
597,Welby,Paskins,wpaskinsgk@homestead.com,Male,696-669-5060,Helsingborg,Skåne,251 08,Sweden
640,Wilhelm,Kenwrick,wkenwrickhr@google.fr,Male,440-413-7886,Helsingborg,Skåne,251 08,Sweden
489,Prinz,Wilshire,pwilshiredk@patch.com,Male,102-749-4386,Helsingborg,Skåne,252 20,Sweden
425,Warden,Whittuck,wwhittuckbs@acquirethisname.com,Male,442-801-5885,Helsingborg,Skåne,252 68,Sweden
589,Mikol,Minmagh,mminmaghgc@earthlink.net,Male,257-732-7495,Helsingborg,Skåne,254 36,Sweden
179,Rafaello,Borkett,rborkett4y@japanpost.jp,Male,199-756-5699,Helsingborg,Skåne,256 62,Sweden
84,Rudyard,Eingerfield,reingerfield2b@about.com,Male,520-568-8373,Landskrona,Skåne,261 91,Sweden
327,Petr,Bloy,pbloy92@economist.com,Male,912-532-4342,Ängelholm,Skåne,262 65,Sweden
836,Raviv,Terrell,rterrelln7@vinaora.com,Male,621-503-4678,Ängelholm,Skåne,262 65,Sweden
438,Giorgi,Delagua,gdelaguac5@cpanel.net,Male,330-660-1086,Ängelholm,Skåne,262 92,Sweden
757,Aldis,Ankrett,aankrettl0@youku.com,Male,289-180-1433,Höganäs,Skåne,263 25,Sweden
347,Virge,Hartus,vhartus9m@state.tx.us,Male,963-917-5553,Höganäs,Skåne,263 36,Sweden
676,Raff,Bendin,rbendinir@foxnews.com,Male,286-435-8927,Åstorp,Skåne,265 40,Sweden
549,Louis,Paterson,lpatersonf8@multiply.com,Male,440-614-1936,Bjuv,Skåne,267 35,Sweden
898,Nico,Libero,nliberoox@apple.com,Male,562-402-5367,Svalöv,Skåne,268 90,Sweden
622,Jamill,Tutton,jtuttonh9@ow.ly,Male,656-387-0660,Ystad,Skåne,271 22,Sweden
466,Rowland,Bagnall,rbagnallcx@github.com,Male,758-186-3397,Ystad,Skåne,271 51,Sweden
749,Flint,Lindsay,flindsayks@cnbc.com,Male,979-822-9866,Ystad,Skåne,271 51,Sweden
15,Archibald,Raulston,araulstone@gravatar.com,Male,469-573-1627,Hässleholm,Skåne,281 23,Sweden
444,Demetrius,Forde,dfordecb@yolasite.com,Male,419-552-7253,Hässleholm,Skåne,281 23,Sweden
942,Darbee,Elcy,delcyq5@telegraph.co.uk,Male,418-106-5789,Hässleholm,Skåne,281 23,Sweden
919,Ollie,Nazaret,onazaretpi@independent.co.uk,Male,124-177-9541,Tyringe,Skåne,282 91,Sweden
386,Boy,Lockhead,blockheadap@t.co,Male,816-425-0076,Kristianstad,Skåne,291 21,Sweden
18,Mayor,Loffill,mloffillh@pagesperso-orange.fr,Male,332-734-3995,Kristianstad,Skåne,291 88,Sweden
878,Boony,Pickston,bpickstonod@homestead.com,Male,992-866-6952,Åhus,Skåne,296 24,Sweden
848,Addy,Cuxon,acuxonnj@npr.org,Female,883-145-2274,Trelleborg,Skåne,231 43,Sweden
26,Diann,De Domenicis,ddedomenicisp@telegraph.co.uk,Female,461-466-1185,Trelleborg,Skåne,231 91,Sweden
874,Bianka,Gamlin,bgamlino9@xrea.com,Female,229-429-4852,Eslöv,Skåne,241 32,Sweden
646,Danice,Steele,dsteelehx@dagondesign.com,Female,685-676-5579,Eslöv,Skåne,241 91,Sweden
64,Leontyne,Innis,linnis1r@google.nl,Female,951-182-7396,Kävlinge,Skåne,244 24,Sweden
44,Lotte,Doumerc,ldoumerc17@tinypic.com,Female,363-442-6937,Staffanstorp,Skåne,245 41,Sweden
404,Alfreda,Grgic,agrgicb7@netscape.com,Female,365-246-2300,Södra Sandby,Skåne,247 25,Sweden
456,Joann,Carvell,jcarvellcn@patch.com,Female,333-268-1745,Helsingborg,Skåne,253 00,Sweden
448,Ernaline,Gianasi,egianasicf@mozilla.org,Female,599-428-2059,Landskrona,Skåne,261 91,Sweden
543,Olympie,Lokier,olokierf2@nature.com,Female,158-604-7015,Åstorp,Skåne,265 40,Sweden
197,Gusta,Hempshall,ghempshall5g@skype.com,Female,279-191-5576,Simrishamn,Skåne,272 24,Sweden
931,Darline,Redrup,dredruppu@google.com.br,Female,804-554-3909,Tomelilla,Skåne,273 30,Sweden
808,Lorette,Parrett,lparrettmf@multiply.com,Female,321-823-7676,Skurup,Skåne,274 34,Sweden
844,Emilia,Dalman,edalmannf@163.com,Female,482-391-1060,Skurup,Skåne,274 34,Sweden
909,Marcia,Loving,mlovingp8@hibu.com,Female,551-140-6260,Skurup,Skåne,274 34,Sweden
315,Kalinda,Sellstrom,ksellstrom8q@businessinsider.com,Female,865-716-3599,Hässleholm,Skåne,281 43,Sweden
24,Bethany,Lygo,blygon@bbc.co.uk,Female,232-457-4672,Kristianstad,Skåne,291 21,Sweden
788,Shanta,Wigley,swigleylv@instagram.com,Female,887-749-1834,Kristianstad,Skåne,291 36,Sweden
251,Mariel,Bakey,mbakey6y@com.com,Female,544-794-9261,Kristianstad,Skåne,291 88,Sweden
827,Thomasine,Lettley,tlettleymy@taobao.com,Female,424-496-4043,Kristianstad,Skåne,291 88,Sweden
569,Carmelita,Collip,ccollipfs@flickr.com,Female,927-137-8377,Bromölla,Skåne,295 37,Sweden
10,Willamina,Deller,wdeller9@wunderground.com,Female,969-849-1304,Åhus,Skåne,296 24,Sweden
246,Hynda,Stanier,hstanier6t@ifeng.com,Agender,671-707-1532,Åhus,Skåne,296 81,Sweden
65,Dael,Hexham,dhexham1s@slideshare.net,Bigender,180-293-1699,Sjöbo,Skåne,275 80,Sweden
761,Yvette,Assaf,yassafl4@wunderground.com,Non-binary,531-356-6175,Bjuv,Skåne,267 35,Sweden
716,Clarie,Toffanelli,ctoffanellijv@discovery.com,Non-binary,932-889-3561,Svalöv,Skåne,268 32,Sweden
233,Ewell,Sunners,esunners6g@joomla.org,Polygender,634-876-2815,Hässleholm,Skåne,281 23,Sweden
423,Gabbey,Walkingshaw,gwalkingshawbq@wikia.com,Polygender,164-420-2007,Kristianstad,Skåne,291 41,Sweden
679,Fidelia,Feltoe,ffeltoeiu@sourceforge.net,Genderqueer,255-505-9085,Båstad,Skåne,269 36,Sweden
27,Norrie,Croix,ncroixq@hexun.com,Genderqueer,217-132-0760,Kristianstad,Skåne,291 21,Sweden
548,Sybila,Week,sweekf7@barnesandnoble.com,Genderqueer,510-864-6292,Kristianstad,Skåne,291 81,Sweden
123,Abdul,Carlisi,acarlisi3e@github.io,Male,537-851-3447,Ludvika,Dalarna,771 24,Sweden
853,Bond,Miskin,bmiskinno@histats.com,Male,251-146-0057,Ludvika,Dalarna,771 50,Sweden
621,Mahmud,Fennick,mfennickh8@dropbox.com,Male,507-186-5909,Ludvika,Dalarna,771 82,Sweden
362,Hercule,Bourdel,hbourdela1@free.fr,Male,242-280-2321,Grängesberg,Dalarna,772 30,Sweden
46,Raffaello,Dell'Abbate,rdellabbate19@wsj.com,Male,478-279-0402,Smedjebacken,Dalarna,777 82,Sweden
807,Olivero,Girodias,ogirodiasme@whitehouse.gov,Male,233-308-2944,Borlänge,Dalarna,781 29,Sweden
402,Pascale,Vidler,pvidlerb5@homestead.com,Male,883-148-4910,Falun,Dalarna,791 09,Sweden
959,Murray,Phelipeau,mphelipeauqm@wordpress.com,Male,888-833-5115,Falun,Dalarna,791 26,Sweden
494,Man,Borley,mborleydp@posterous.com,Male,657-789-0535,Falun,Dalarna,791 70,Sweden
723,Alphonse,Zylberdik,azylberdikk2@telegraph.co.uk,Male,567-138-7510,Falun,Dalarna,791 70,Sweden
458,Ferdy,Geraudel,fgeraudelcp@addthis.com,Male,413-632-5900,Rättvik,Dalarna,795 92,Sweden
300,Betsey,Eddow,beddow8b@yahoo.com,Female,561-613-4643,Ludvika,Dalarna,771 31,Sweden
509,Chrysa,Plenty,cplentye4@phoca.cz,Female,494-911-5222,Ludvika,Dalarna,771 31,Sweden
884,Manon,Elcom,melcomoj@google.com.br,Female,754-712-2148,Ludvika,Dalarna,771 50,Sweden
286,Peri,Dawe,pdawe7x@icq.com,Female,867-888-3102,Ludvika,Dalarna,771 55,Sweden
283,Winonah,Gurge,wgurge7u@state.gov,Female,275-278-0913,Ludvika,Dalarna,771 82,Sweden
41,Margaret,Brisco,mbrisco14@ft.com,Female,868-246-8844,Borlänge,Dalarna,781 81,Sweden
264,Binni,Roma,broma7b@xinhuanet.com,Female,877-823-8984,Falun,Dalarna,791 21,Sweden
3,Pauly,Brissard,pbrissard2@sciencedaily.com,Female,971-870-0845,Falun,Dalarna,791 26,Sweden
145,Alexandrina,Pimlott,apimlott40@washington.edu,Female,139-400-6090,Falun,Dalarna,791 26,Sweden
376,Tanhya,Daniell,tdaniellaf@vkontakte.ru,Female,235-810-2590,Falun,Dalarna,791 55,Sweden
195,Laurel,Celes,lceles5e@elegantthemes.com,Female,577-323-6473,Falun,Dalarna,791 96,Sweden
777,Aigneis,Wilstead,awilsteadlk@cdbaby.com,Female,578-749-5607,Mora,Dalarna,792 27,Sweden
56,Nesta,Burdass,nburdass1j@sourceforge.net,Female,562-831-5932,Älvdalen,Dalarna,796 91,Sweden
739,Dixie,Erwin,derwinki@php.net,Female,806-338-3925,Älvdalen,Dalarna,796 91,Sweden
753,Ezmeralda,Harly,eharlykw@tuttocitta.it,Female,182-430-9698,Älvdalen,Dalarna,796 91,Sweden
472,Jasen,Ramsell,jramselld3@prnewswire.com,Polygender,190-496-3198,Falun,Dalarna,791 21,Sweden
17,Gualterio,Darrel,gdarrelg@artisteer.com,Male,621-645-4714,Visby,Gotland,621 75,Sweden
505,Arlen,Raikes,araikese0@g.co,Male,214-464-8736,Visby,Gotland,621 75,Sweden
923,Ferd,Ridder,fridderpm@go.com,Male,246-269-1428,Visby,Gotland,621 90,Sweden
624,Dorotea,Corney,dcorneyhb@networkadvertising.org,Female,211-416-8271,Visby,Gotland,621 46,Sweden
752,Othello,Hogbin,ohogbinkv@cloudflare.com,Male,125-881-6594,Halmstad,Halland,302 50,Sweden
987,Rene,Cettell,rcettellre@aboutads.info,Male,146-752-6071,Halmstad,Halland,302 50,Sweden
961,Wilhelm,Ebbles,webblesqo@desdev.cn,Male,281-645-2178,Halmstad,Halland,302 55,Sweden
706,Tarrance,Blackborn,tblackbornjl@behance.net,Male,102-789-3749,Halmstad,Halland,302 70,Sweden
350,Cristian,Harrild,charrild9p@tumblr.com,Male,101-893-9281,Falkenberg,Halland,311 35,Sweden
837,Hunfredo,Davitt,hdavittn8@ebay.co.uk,Male,405-790-0201,Varberg,Halland,432 51,Sweden
550,Nye,Fayers,nfayersf9@oakley.com,Male,268-684-3217,Varberg,Halland,432 93,Sweden
86,Walt,Walak,wwalak2d@senate.gov,Male,609-202-6020,Kungsbacka,Halland,434 23,Sweden
132,Tulley,Conley,tconley3n@admin.ch,Male,799-976-2587,Onsala,Halland,439 37,Sweden
691,Van,Girodin,vgirodinj6@goodreads.com,Female,703-829-1914,Halmstad,Halland,300 10,Sweden
710,Thia,O'Hegertie,tohegertiejp@blogger.com,Female,672-356-3452,Halmstad,Halland,301 10,Sweden
101,Bernete,Gietz,bgietz2s@skyrock.com,Female,355-242-5426,Halmstad,Halland,302 40,Sweden
462,Del,Staneland,dstanelandct@ameblo.jp,Female,288-555-9019,Halmstad,Halland,302 55,Sweden
967,Veronica,Cullum,vcullumqu@rediff.com,Female,164-572-9568,Halmstad,Halland,302 55,Sweden
429,Daphna,Sleet,dsleetbw@dyndns.org,Female,984-332-6582,Särö,Halland,429 42,Sweden
993,Sande,Bortolomei,sbortolomeirk@indiegogo.com,Polygender,858-166-6954,Hyltebruk,Halland,314 32,Sweden
134,Pacorro,Simonds,psimonds3p@skype.com,Male,401-422-6006,Knivsta,Uppsala,741 72,Sweden
236,Byrann,Waber,bwaber6j@slashdot.org,Male,620-945-7164,Knivsta,Uppsala,741 72,Sweden
370,Nathanil,Leddie,nleddiea9@irs.gov,Male,411-905-8725,Enköping,Uppsala,745 33,Sweden
530,Jerome,Sturrock,jsturrockep@php.net,Male,908-747-3040,Enköping,Uppsala,745 33,Sweden
882,Ashley,Maccrae,amaccraeoh@zimbio.com,Male,550-944-7495,Enköping,Uppsala,745 33,Sweden
387,Aubrey,Capaldi,acapaldiaq@foxnews.com,Male,560-677-9054,Bålsta,Uppsala,746 40,Sweden
734,Orion,Keith,okeithkd@friendfeed.com,Male,463-447-7919,Gimo,Uppsala,747 43,Sweden
868,Aubrey,Scamp,ascampo3@tumblr.com,Male,996-989-9907,Uppsala,Uppsala,751 41,Sweden
446,Gustav,Shurville,gshurvillecd@mac.com,Male,420-699-3161,Uppsala,Uppsala,751 87,Sweden
8,Jean,Bucher,jbucher7@howstuffworks.com,Male,106-987-6996,Uppsala,Uppsala,753 14,Sweden
133,Cesar,Spread,cspread3o@china.com.cn,Male,966-706-1774,Uppsala,Uppsala,753 14,Sweden
22,Tommy,Wakeley,twakeleyl@senate.gov,Male,552-590-6624,Uppsala,Uppsala,753 81,Sweden
939,Kirk,Wanden,kwandenq2@usatoday.com,Male,842-556-4167,Uppsala,Uppsala,754 20,Sweden
738,Alick,McComas,amccomaskh@sciencedaily.com,Male,329-933-2916,Uppsala,Uppsala,757 54,Sweden
256,Lorens,Blant,lblant73@ameblo.jp,Male,701-606-3483,Uppsala,Uppsala,757 59,Sweden
575,Umberto,Minmagh,uminmaghfy@histats.com,Male,460-946-6137,Uppsala,Uppsala,757 59,Sweden
743,Natale,Deetlefs,ndeetlefskm@columbia.edu,Male,575-876-7486,Skutskär,Uppsala,814 41,Sweden
561,Gris,Casse,gcassefk@360.cn,Male,888-399-8585,Tierp,Uppsala,815 24,Sweden
78,Harlene,Uphill,huphill25@typepad.com,Female,534-883-4008,Knivsta,Uppsala,741 72,Sweden
68,Rorie,Van der Kruis,rvanderkruis1v@altervista.org,Female,747-514-7784,Knivsta,Uppsala,741 96,Sweden
724,Fenelia,Mace,fmacek3@princeton.edu,Female,528-577-5396,Enköping,Uppsala,745 44,Sweden
171,Wanda,Labba,wlabba4q@over-blog.com,Female,744-937-3434,Bålsta,Uppsala,746 40,Sweden
214,Marcella,Callingham,mcallingham5x@cdc.gov,Female,265-245-5131,Bålsta,Uppsala,746 40,Sweden
117,Aleta,Bernt,abernt38@csmonitor.com,Female,297-128-1752,Alunda,Uppsala,747 30,Sweden
344,Merridie,Kenyon,mkenyon9j@deviantart.com,Female,866-980-0198,Österbybruk,Uppsala,748 31,Sweden
502,Remy,O'Heneghan,roheneghandx@dmoz.org,Female,747-130-8859,Örbyhus,Uppsala,748 94,Sweden
410,Coral,Pridham,cpridhambd@ftc.gov,Female,124-768-1023,Uppsala,Uppsala,751 35,Sweden
824,Siouxie,Bourdas,sbourdasmv@netlog.com,Female,195-112-3166,Uppsala,Uppsala,751 82,Sweden
673,Hesther,Huitt,hhuittio@walmart.com,Female,893-328-6353,Uppsala,Uppsala,752 26,Sweden
340,Genna,Kuhl,gkuhl9f@seesaa.net,Female,646-981-6207,Uppsala,Uppsala,753 26,Sweden
299,Andrea,Whorall,awhorall8a@twitter.com,Female,877-621-1144,Uppsala,Uppsala,756 49,Sweden
490,Cati,Capelen,ccapelendl@opensource.org,Female,251-904-6017,Uppsala,Uppsala,756 49,Sweden
674,Martita,Croyser,mcroyserip@discuz.net,Female,196-444-1920,Uppsala,Uppsala,757 59,Sweden
668,Ward,Shenton,wshentonij@earthlink.net,Genderfluid,963-737-1993,Bålsta,Uppsala,746 40,Sweden
323,Averil,Digle,adigle8y@europa.eu,Genderfluid,165-767-0638,Uppsala,Uppsala,753 81,Sweden
104,Hercule,Camplin,hcamplin2v@comsenz.com,Male,288-153-8512,Karlskoga,Örebro,691 34,Sweden
234,Kort,Ingreda,kingreda6h@examiner.com,Male,944-180-8818,Karlskoga,Örebro,691 34,Sweden
667,Kin,Sloley,ksloleyii@fema.gov,Male,593-160-8524,Kumla,Örebro,692 32,Sweden
401,Valentine,Driffe,vdriffeb4@rakuten.co.jp,Male,560-143-8934,Örebro,Örebro,700 09,Sweden
476,Laurent,Lafflin,llafflind7@unc.edu,Male,213-574-6149,Örebro,Örebro,703 54,Sweden
452,Royce,Walby,rwalbycj@sakura.ne.jp,Male,363-845-2652,Örebro,Örebro,703 64,Sweden
858,Angelico,Spickett,aspickettnt@prweb.com,Male,763-469-3454,Örebro,Örebro,703 64,Sweden
79,Mitch,Sansum,msansum26@upenn.edu,Male,341-567-7739,Lindesberg,Örebro,711 82,Sweden
501,Chance,Fratczak,cfratczakdw@addthis.com,Male,259-350-0312,Kopparberg,Örebro,714 31,Sweden
768,Mahmoud,Klampt,mklamptlb@icio.us,Male,372-294-8000,Kopparberg,Örebro,714 31,Sweden
956,Kaile,Cowitz,kcowitzqj@tripod.com,Female,764-378-1433,Karlskoga,Örebro,691 41,Sweden
592,Rhody,Guesford,rguesfordgf@g.co,Female,609-739-7693,Kumla,Örebro,692 32,Sweden
511,Loreen,Miere,lmieree6@nsw.gov.au,Female,926-207-4278,Degerfors,Örebro,693 30,Sweden
925,Dorthy,Hanbridge,dhanbridgepo@zdnet.com,Female,991-651-1741,Örebro,Örebro,700 15,Sweden
759,Cammi,Reap,creapl2@nih.gov,Female,245-154-3987,Örebro,Örebro,701 43,Sweden
637,Dominga,Reddel,dreddelho@networksolutions.com,Female,601-621-0444,Örebro,Örebro,701 48,Sweden
92,Crissy,Volkes,cvolkes2j@sourceforge.net,Female,330-748-1549,Örebro,Örebro,701 81,Sweden
213,Claretta,Swate,cswate5w@kickstarter.com,Female,880-219-9473,Örebro,Örebro,701 81,Sweden
682,Merilyn,Woodyer,mwoodyerix@woothemes.com,Female,966-158-2483,Örebro,Örebro,701 81,Sweden
14,Jobyna,Branscombe,jbranscombed@deviantart.com,Female,214-697-2155,Örebro,Örebro,701 86,Sweden
30,Perla,Hardaker,phardakert@about.me,Female,773-597-5577,Örebro,Örebro,703 54,Sweden
847,Cathlene,Dunrige,cdunrigeni@timesonline.co.uk,Female,356-868-9750,Hällefors,Örebro,712 31,Sweden
356,Veradis,Richardeau,vrichardeau9v@elpais.com,Female,382-946-5066,Kopparberg,Örebro,714 31,Sweden
707,Kissie,Stoakley,kstoakleyjm@usgs.gov,Bigender,140-508-2387,Örebro,Örebro,701 91,Sweden
969,Ambrosi,Greir,agreirqw@senate.gov,Polygender,763-555-8888,Karlskoga,Örebro,691 34,Sweden
129,Walton,Balnave,wbalnave3k@ihg.com,Polygender,824-898-6575,Örebro,Örebro,700 15,Sweden
709,Willy,Sive,wsivejo@rediff.com,Polygender,945-978-6315,Örebro,Örebro,701 81,Sweden
6,Karney,Okenden,kokenden5@google.co.jp,Genderfluid,919-643-0030,Örebro,Örebro,702 31,Sweden
384,Marlin,Fothergill,mfothergillan@last.fm,Male,987-284-1334,Sölvesborg,Blekinge,294 37,Sweden
697,Loren,Palphramand,lpalphramandjc@nature.com,Male,485-279-5564,Sölvesborg,Blekinge,294 37,Sweden
353,Franky,Shepherdson,fshepherdson9s@liveinternet.ru,Male,679-861-5315,Karlskrona,Blekinge,371 47,Sweden
540,Kylie,Simonnin,ksimonninez@bloglovin.com,Male,492-956-5149,Karlskrona,Blekinge,371 47,Sweden
699,Ettore,Bysh,ebyshje@meetup.com,Male,782-909-5594,Karlskrona,Blekinge,371 79,Sweden
5,Dannie,Kirby,dkirby4@xrea.com,Male,265-784-8469,Kallinge,Blekinge,372 53,Sweden
241,Rey,Henstone,rhenstone6o@ehow.com,Male,650-184-9534,Karlshamn,Blekinge,374 33,Sweden
424,Arnoldo,Lydster,alydsterbr@adobe.com,Male,140-201-7523,Karlshamn,Blekinge,374 81,Sweden
980,Gil,Sallings,gsallingsr7@bing.com,Male,674-355-5595,Karlshamn,Blekinge,374 81,Sweden
173,Antons,Dudderidge,adudderidge4s@ucsd.edu,Male,685-169-4132,Mörrum,Blekinge,375 90,Sweden
39,Beckie,Antonognoli,bantonognoli12@istockphoto.com,Female,354-874-3571,Sölvesborg,Blekinge,294 95,Sweden
518,Hermione,Andrivel,handriveled@seesaa.net,Female,799-629-2669,Karlskrona,Blekinge,371 23,Sweden
296,Eirena,South,esouth87@51.la,Female,657-757-2976,Karlskrona,Blekinge,371 47,Sweden
586,Clarine,Negal,cnegalg9@a8.net,Female,402-219-1885,Ronneby,Blekinge,372 34,Sweden
660,Christi,Tremain,ctremainib@biblegateway.com,Female,551-562-6145,Asarum,Blekinge,374 53,Sweden
38,Barnett,MacKimmie,bmackimmie11@drupal.org,Agender,603-632-2699,Karlshamn,Blekinge,374 33,Sweden
564,Bastien,Croker,bcrokerfn@amazonaws.com,Genderqueer,777-845-1358,Olofström,Blekinge,293 35,Sweden
61,Elroy,Jervoise,ejervoise1o@craigslist.org,Male,844-228-3816,Östersund,Jämtland,831 76,Sweden
368,Cale,Elion,celiona7@nationalgeographic.com,Male,412-541-1566,Östersund,Jämtland,831 76,Sweden
200,Baryram,Franklen,bfranklen5j@miitbeian.gov.cn,Male,940-933-9890,Strömsund,Jämtland,833 34,Sweden
218,Pepito,Agar,pagar61@flickr.com,Male,331-731-9805,Sveg,Jämtland,842 93,Sweden
654,Alexina,Camock,acamocki5@list-manage.com,Female,727-914-1243,Brunflo,Jämtland,834 33,Sweden
554,Kathrine,Pardal,kpardalfd@mysql.com,Genderfluid,205-864-3571,Östersund,Jämtland,831 76,Sweden
276,Jeromy,McBratney,jmcbratney7n@xing.com,Male,748-336-7772,Växjö,Kronoberg,351 06,Sweden
859,Bartel,Fladgate,bfladgatenu@vkontakte.ru,Male,964-298-1591,Växjö,Kronoberg,351 06,Sweden
559,Elston,Matterface,ematterfacefi@macromedia.com,Male,727-515-1979,Växjö,Kronoberg,351 88,Sweden
329,Kaiser,Wybourne,kwybourne94@boston.com,Male,907-807-1144,Växjö,Kronoberg,351 97,Sweden
463,Tedie,Crosen,tcrosencu@statcounter.com,Male,492-725-8433,Växjö,Kronoberg,352 54,Sweden
921,Niel,Kaming,nkamingpk@upenn.edu,Male,806-945-5290,Växjö,Kronoberg,352 54,Sweden
977,Myranda,Ranson,mransonr4@dmoz.org,Female,959-166-5713,Alvesta,Kronoberg,342 80,Sweden
235,Cathyleen,Ferens,cferens6i@ucla.edu,Female,960-988-0814,Älmhult,Kronoberg,343 35,Sweden
675,Luce,Adran,ladraniq@joomla.org,Female,508-372-8123,Växjö,Kronoberg,352 44,Sweden
594,Hana,Borland,hborlandgh@networkadvertising.org,Female,696-986-8522,Växjö,Kronoberg,352 54,Sweden
789,Mona,Cattel,mcattellw@qq.com,Polygender,815-171-8197,Ljungby,Kronoberg,341 70,Sweden
885,Nickey,O'Cullen,nocullenok@intel.com,Male,981-197-9067,Stockholm,Stockholm,103 16,Sweden
512,Christoph,Heinrich,cheinriche7@webs.com,Male,859-517-0513,Stockholm,Stockholm,103 22,Sweden
810,Mallory,Croucher,mcrouchermh@webeden.co.uk,Male,537-295-4000,Stockholm,Stockholm,103 83,Sweden
737,Farlie,Petrozzi,fpetrozzikg@meetup.com,Male,661-302-7436,Stockholm,Stockholm,104 62,Sweden
180,Ty,Mannock,tmannock4z@soundcloud.com,Male,501-987-5217,Stockholm,Stockholm,106 42,Sweden
894,Gorden,Blackbourn,gblackbournot@apache.org,Male,847-491-5543,Stockholm,Stockholm,106 42,Sweden
798,Howard,Yaxley,hyaxleym5@free.fr,Male,111-835-7924,Stockholm,Stockholm,111 95,Sweden
957,Garrek,Pleuman,gpleumanqk@census.gov,Male,221-778-3469,Stockholm,Stockholm,112 20,Sweden
793,Kev,Arbon,karbonm0@github.com,Male,455-871-9216,Stockholm,Stockholm,112 45,Sweden
319,Westbrooke,Wadelin,wwadelin8u@lulu.com,Male,333-834-3373,Stockholm,Stockholm,113 28,Sweden
748,Mikkel,Presho,mpreshokr@bigcartel.com,Male,564-514-5255,Stockholm,Stockholm,113 44,Sweden
351,Cull,Argente,cargente9q@vk.com,Male,642-309-5399,Stockholm,Stockholm,114 24,Sweden
806,Noel,Borborough,nborboroughmd@biglobe.ne.jp,Male,925-429-3024,Stockholm,Stockholm,114 89,Sweden
955,Bat,Grantham,bgranthamqi@theglobeandmail.com,Male,805-517-4505,Stockholm,Stockholm,115 77,Sweden
593,Stacee,Suddick,ssuddickgg@adobe.com,Male,179-220-3329,Stockholm,Stockholm,116 92,Sweden
441,Ruy,Germaine,rgermainec8@ezinearticles.com,Male,332-502-1734,Stockholm,Stockholm,117 37,Sweden
348,Lannie,Pigden,lpigden9n@harvard.edu,Male,926-521-8548,Stockholm,Stockholm,118 20,Sweden
627,Bartholemy,Hearfield,bhearfieldhe@hhs.gov,Male,665-601-8193,Stockholm,Stockholm,118 50,Sweden
721,Georges,Grummitt,ggrummittk0@rambler.ru,Male,257-149-3304,Stockholm,Stockholm,118 50,Sweden
570,Morten,Cardnell,mcardnellft@meetup.com,Male,380-686-6268,Stockholm,Stockholm,118 55,Sweden
439,Matteo,Connikie,mconnikiec6@epa.gov,Male,357-908-2441,Stockholm,Stockholm,120 16,Sweden
879,Fonsie,Stannus,fstannusoe@home.pl,Male,860-444-6845,Johanneshov,Stockholm,121 36,Sweden
719,Sawyer,Chance,schancejy@canalblog.com,Male,542-272-0823,Johanneshov,Stockholm,121 63,Sweden
681,Kingston,Izzett,kizzettiw@storify.com,Male,956-248-3739,Enskede,Stockholm,122 32,Sweden
2,Osmond,Clowney,oclowney1@bloomberg.com,Male,608-738-2903,Farsta,Stockholm,123 57,Sweden
641,Faulkner,Besemer,fbesemerhs@ed.gov,Male,636-490-1119,Farsta,Stockholm,123 71,Sweden
289,Alphonse,Andrus,aandrus80@feedburner.com,Male,691-376-3533,Bandhagen,Stockholm,124 76,Sweden
608,Nehemiah,Jermin,njermingv@mail.ru,Male,451-543-5049,Bandhagen,Stockholm,124 76,Sweden
991,Orazio,Sutherley,osutherleyri@biblegateway.com,Male,330-526-9946,Älvsjö,Stockholm,125 71,Sweden
354,Cedric,Glaisner,cglaisner9t@ameblo.jp,Male,601-932-0624,Hägersten,Stockholm,126 36,Sweden
268,Madison,Gobourn,mgobourn7f@alibaba.com,Male,202-317-6326,Hägersten,Stockholm,126 41,Sweden
431,Kelvin,Cayet,kcayetby@wikimedia.org,Male,430-182-9412,Hägersten,Stockholm,126 41,Sweden
547,Shell,Trowsdall,strowsdallf6@paypal.com,Male,718-979-6989,Hägersten,Stockholm,129 55,Sweden
846,Klemens,Brettoner,kbrettonernh@1und1.de,Male,837-463-7132,Hägersten,Stockholm,129 55,Sweden
478,Ozzie,Ebbers,oebbersd9@youtube.com,Male,685-116-0528,Nacka,Stockholm,131 83,Sweden
903,Farleigh,Jendrys,fjendrysp2@miitbeian.gov.cn,Male,847-255-9903,Stockholm,Stockholm,131 88,Sweden
482,Kirk,Pohls,kpohlsdd@wikipedia.org,Male,461-147-5538,Saltsjö-Boo,Stockholm,132 30,Sweden
774,Pyotr,Besant,pbesantlh@usnews.com,Male,172-903-0615,Saltsjö-Boo,Stockholm,132 81,Sweden
50,Orson,Winsiowiecki,owinsiowiecki1d@oaic.gov.au,Male,212-845-3650,Gustavsberg,Stockholm,134 34,Sweden
792,Mel,Yukhnev,myukhnevlz@epa.gov,Male,985-519-5946,Gustavsberg,Stockholm,134 34,Sweden
493,Ricki,Dugald,rdugalddo@behance.net,Male,858-395-0070,Gustavsberg,Stockholm,134 40,Sweden
172,Marchall,Manlow,mmanlow4r@nifty.com,Male,660-388-6054,Ingarö,Stockholm,134 61,Sweden
891,Ellis,Coaten,ecoatenoq@washington.edu,Male,865-275-6416,Ingarö,Stockholm,134 61,Sweden
278,Niels,Sloane,nsloane7p@shinystat.com,Male,846-878-4939,Tyresö,Stockholm,135 22,Sweden
57,Sebastian,Uren,suren1k@dailymotion.com,Male,477-253-0908,Tyresö,Stockholm,135 34,Sweden
591,Herb,Houlston,hhoulstonge@shinystat.com,Male,865-472-9879,Tyresö,Stockholm,135 34,Sweden
577,Romeo,Hunday,rhundayg0@cam.ac.uk,Male,723-374-8316,Haninge,Stockholm,136 44,Sweden
336,Ginger,Quincee,gquincee9b@smh.com.au,Male,480-480-4716,Haninge,Stockholm,136 63,Sweden
813,Flinn,Draayer,fdraayermk@pinterest.com,Male,641-641-9896,Skogås,Stockholm,142 50,Sweden
202,Demetre,Mynett,dmynett5l@goo.ne.jp,Male,469-236-0918,Trångsund,Stockholm,142 82,Sweden
736,Esdras,Moylane,emoylanekf@google.com.au,Male,595-521-2704,Vårby,Stockholm,143 42,Sweden
189,Raimundo,Bleasby,rbleasby58@elegantthemes.com,Male,650-121-1095,Rönninge,Stockholm,144 62,Sweden
815,Roldan,Cherryman,rcherrymanmm@sourceforge.net,Male,693-795-5772,Rönninge,Stockholm,144 62,Sweden
556,Wyatan,Cammack,wcammackff@accuweather.com,Male,778-636-5967,Norsborg,Stockholm,145 69,Sweden
653,Stuart,Durning,sdurningi4@drupal.org,Male,612-398-5409,Tullinge,Stockholm,146 40,Sweden
616,Poul,Brighouse,pbrighouseh3@domainmarket.com,Male,220-134-2300,Tullinge,Stockholm,146 50,Sweden
11,Sigfrid,Schlagman,sschlagmana@istockphoto.com,Male,597-176-6104,Nynäshamn,Stockholm,149 43,Sweden
833,Ives,Cudmore,icudmoren4@irs.gov,Male,289-859-5446,Nynäshamn,Stockholm,149 81,Sweden
263,Nil,Hadden,nhadden7a@wikispaces.com,Male,482-801-0870,Södertälje,Stockholm,151 52,Sweden
209,Lemar,Newns,lnewns5s@stanford.edu,Male,942-857-1648,Södertälje,Stockholm,151 81,Sweden
324,Nev,Elsmore,nelsmore8z@privacy.gov.au,Male,822-583-6635,Järna,Stockholm,153 31,Sweden
965,Aleksandr,Calabry,acalabryqs@live.com,Male,528-414-0508,Vällingby,Stockholm,162 55,Sweden
102,Joshuah,Keerl,jkeerl2t@tinyurl.com,Male,915-466-4850,Stockholm,Stockholm,162 87,Sweden
794,Rocky,McCaughen,rmccaughenm1@cdbaby.com,Male,415-545-8204,Spånga,Stockholm,163 41,Sweden
28,Boonie,Gors,bgorsr@stanford.edu,Male,625-725-7984,Kista,Stockholm,164 40,Sweden
58,Muffin,Priddis,mpriddis1l@cnn.com,Male,508-523-4238,Kista,Stockholm,164 40,Sweden
469,Andros,Gridley,agridleyd0@last.fm,Male,433-522-7675,Kista,Stockholm,164 45,Sweden
392,Brockie,MacGiolla,bmacgiollaav@springer.com,Male,756-631-6211,Stockholm,Stockholm,164 83,Sweden
643,Lonnie,Raynham,lraynhamhu@free.fr,Male,747-187-3973,Stockholm,Stockholm,164 83,Sweden
419,Adolpho,Tilio,atiliobm@parallels.com,Male,123-560-4164,Bromma,Stockholm,167 37,Sweden
551,Travis,Ditch,tditchfa@livejournal.com,Male,728-747-8455,Bromma,Stockholm,167 37,Sweden
66,Kennett,Hundey,khundey1t@yandex.ru,Male,152-799-4735,Bromma,Stockholm,167 74,Sweden
409,Ted,Leving,tlevingbc@npr.org,Male,397-758-3331,Bromma,Stockholm,167 74,Sweden
449,Kiley,Summerlee,ksummerleecg@scientificamerican.com,Male,881-701-3226,Bromma,Stockholm,168 00,Sweden
225,Edmund,Lott,elott68@zdnet.com,Male,392-981-5914,Bromma,Stockholm,168 37,Sweden
153,Westleigh,Tabrett,wtabrett48@cloudflare.com,Male,784-954-2858,Solna,Stockholm,169 50,Sweden
796,Thibaud,Binner,tbinnerm3@unblog.fr,Male,424-849-8754,Solna,Stockholm,171 43,Sweden
985,Silvester,Crayke,scraykerc@odnoklassniki.ru,Male,689-501-0312,Solna,Stockholm,171 64,Sweden
477,Jeremiah,Eaton,jeatond8@wikipedia.org,Male,830-230-0364,Solna,Stockholm,171 94,Sweden
890,Griswold,Rubi,grubiop@prlog.org,Male,815-865-9127,Sundbyberg,Stockholm,172 29,Sweden
352,Isa,Orgee,iorgee9r@marketwatch.com,Male,843-130-5447,Sundbyberg,Stockholm,172 39,Sweden
164,Karlik,Sambrok,ksambrok4j@moonfruit.com,Male,928-213-6286,Järfälla,Stockholm,175 49,Sweden
949,Bev,Popley,bpopleyqc@acquirethisname.com,Male,785-147-5743,Järfälla,Stockholm,175 54,Sweden
122,Prince,Hofner,phofner3d@bizjournals.com,Male,479-601-4071,Järfälla,Stockholm,177 40,Sweden
232,Kin,Bard,kbard6f@nba.com,Male,761-572-8067,Ekerö,Stockholm,178 32,Sweden
717,Mic,Pleasance,mpleasancejw@scientificamerican.com,Male,601-384-3193,Ekerö,Stockholm,178 54,Sweden
479,Vassily,Hounsom,vhounsomda@amazon.co.jp,Male,462-779-3597,Lidingö,Stockholm,181 31,Sweden
932,Constantine,Boothe,cboothepv@lulu.com,Male,300-879-6237,Lidingö,Stockholm,181 31,Sweden
304,Dill,Clutten,dclutten8f@google.com.hk,Male,498-782-3589,Danderyd,Stockholm,182 57,Sweden
413,Ludovico,Baldock,lbaldockbg@sourceforge.net,Male,599-358-7443,Täby,Stockholm,183 30,Sweden
432,Alessandro,Sexon,asexonbz@china.com.cn,Male,818-976-9812,Täby,Stockholm,183 65,Sweden
59,Ibrahim,Fallawe,ifallawe1m@cnn.com,Male,804-733-2914,Åkersberga,Stockholm,184 23,Sweden
605,Gauthier,Ambrozewicz,gambrozewiczgs@w3.org,Male,638-970-9812,Åkersberga,Stockholm,184 23,Sweden
176,Onfre,Soan,osoan4v@360.cn,Male,739-828-1217,Vallentuna,Stockholm,186 31,Sweden
152,Michele,Painswick,mpainswick47@nymag.com,Male,611-720-0405,Vallentuna,Stockholm,186 53,Sweden
273,Artus,Giovannacc@i,agiovannacci7k@tumblr.com,Male,395-709-2061,Norrtälje,Stockholm,761 93,Sweden
573,Addie,Claughton,aclaughtonfw@shinystat.com,Male,495-323-9265,Norrtälje,Stockholm,761 93,Sweden
603,Auberon,Verman,avermangq@yahoo.com,Male,143-866-8856,Norrtälje,Stockholm,761 93,Sweden
701,Matthieu,Lealle,mleallejg@exblog.jp,Male,733-965-0247,Hallstavik,Stockholm,763 42,Sweden
532,Dell,Ferrillo,dferrilloer@amazon.co.uk,Female,961-939-4198,Stockholm,Stockholm,101 22,Sweden
166,Vickie,Fawks,vfawks4l@constantcontact.com,Female,113-676-2639,Stockholm,Stockholm,103 04,Sweden
742,Henrietta,Cornwall,hcornwallkl@forbes.com,Female,123-703-3606,Stockholm,Stockholm,103 04,Sweden
946,Kath,MacGarvey,kmacgarveyq9@arstechnica.com,Female,348-376-6277,Stockholm,Stockholm,103 11,Sweden
193,Meredith,Lackie,mlackie5c@unc.edu,Female,794-656-2064,Stockholm,Stockholm,103 16,Sweden
33,Lorianne,Bartolomucci,lbartolomucciw@flavors.me,Female,775-229-1814,Stockholm,Stockholm,103 98,Sweden
834,Katrinka,Mulloch,kmullochn5@huffingtonpost.com,Female,434-696-5883,Stockholm,Stockholm,103 98,Sweden
978,Gabriel,Munt,gmuntr5@fda.gov,Female,153-877-9405,Stockholm,Stockholm,104 62,Sweden
116,Nanci,Sandbatch,nsandbatch37@sciencedaily.com,Female,654-772-7624,Stockholm,Stockholm,105 22,Sweden
933,Julieta,Gianolini,jgianolinipw@epa.gov,Female,443-235-1448,Stockholm,Stockholm,105 52,Sweden
568,Winne,Premble,wpremblefr@tiny.cc,Female,464-103-4448,Stockholm,Stockholm,111 61,Sweden
262,Lyssa,Causer,lcauser79@paypal.com,Female,190-133-7190,Stockholm,Stockholm,111 76,Sweden
642,Elwira,Jouanet,ejouanetht@trellian.com,Female,860-494-2483,Stockholm,Stockholm,112 45,Sweden
816,Allx,Abramsky,aabramskymn@seesaa.net,Female,603-670-7393,Stockholm,Stockholm,113 03,Sweden
542,Korrie,Aiton,kaitonf1@soup.io,Female,628-251-7262,Stockholm,Stockholm,113 39,Sweden
702,Corinne,Bonnefin,cbonnefinjh@java.com,Female,413-218-5810,Stockholm,Stockholm,113 39,Sweden
358,Zahara,Sparrow,zsparrow9x@live.com,Female,925-275-9864,Stockholm,Stockholm,113 90,Sweden
497,Cherrita,Howerd,chowerdds@mac.com,Female,507-820-5673,Stockholm,Stockholm,114 29,Sweden
541,Joeann,Paulsson,jpaulssonf0@virginia.edu,Female,587-949-2089,Stockholm,Stockholm,114 39,Sweden
598,Mureil,Mingard,mmingardgl@abc.net.au,Female,298-291-7166,Stockholm,Stockholm,114 49,Sweden
107,Yolanthe,Boshier,yboshier2y@usda.gov,Female,980-581-9582,Stockholm,Stockholm,114 79,Sweden
126,Aurie,Despenser,adespenser3h@storify.com,Female,598-862-0328,Stockholm,Stockholm,114 89,Sweden
52,Michaella,Canon,mcanon1f@usatoday.com,Female,632-687-9711,Stockholm,Stockholm,115 22,Sweden
862,Lynna,Wollacott,lwollacottnx@51.la,Female,185-128-8026,Stockholm,Stockholm,115 37,Sweden
893,Gusti,Potell,gpotellos@economist.com,Female,572-204-2632,Stockholm,Stockholm,116 30,Sweden
230,Marika,Klimus,mklimus6d@earthlink.net,Female,847-634-2198,Stockholm,Stockholm,118 50,Sweden
935,Delores,Duckels,dduckelspy@pcworld.com,Female,274-637-3150,Stockholm,Stockholm,118 55,Sweden
665,Pandora,Oakinfold,poakinfoldig@java.com,Female,343-818-0451,Stockholm,Stockholm,118 65,Sweden
615,Cecilia,Turle,cturleh2@google.com.hk,Female,867-744-9749,Stockholm,Stockholm,118 92,Sweden
934,Karen,Byneth,kbynethpx@drupal.org,Female,460-215-5997,Stockholm,Stockholm,120 01,Sweden
897,Marylou,Carbry,mcarbryow@edublogs.org,Female,941-134-4264,Stockholm,Stockholm,120 16,Sweden
866,Mallorie,Brereton,mbreretono1@archive.org,Female,361-859-6010,Enskede,Stockholm,122 44,Sweden
595,Jazmin,Folkerts,jfolkertsgi@telegraph.co.uk,Female,540-251-3183,Bandhagen,Stockholm,124 76,Sweden
440,Bobbie,Aseef,baseefc7@cdc.gov,Female,393-671-1345,Älvsjö,Stockholm,125 46,Sweden
467,Vivianne,Easlea,veasleacy@cbc.ca,Female,765-453-6205,Älvsjö,Stockholm,125 46,Sweden
272,Korney,Petrashov,kpetrashov7j@t-online.de,Female,290-788-6136,Älvsjö,Stockholm,125 71,Sweden
629,Kori,Cavee,kcaveehg@i2i.jp,Female,783-390-2547,Hägersten,Stockholm,126 31,Sweden
917,Gilemette,Porrett,gporrettpg@topsy.com,Female,841-658-3920,Hägersten,Stockholm,126 31,Sweden
804,Lanny,Prinnett,lprinnettmb@cornell.edu,Female,984-115-9624,Skärholmen,Stockholm,127 86,Sweden
975,Reyna,Older,rolderr2@ocn.ne.jp,Female,895-366-4479,Bagarmossen,Stockholm,128 48,Sweden
165,Hannah,Seear,hseear4k@spiegel.de,Female,192-185-5150,Nacka,Stockholm,131 05,Sweden
435,Ninette,Doree,ndoreec2@guardian.co.uk,Female,475-395-2955,Nacka,Stockholm,131 22,Sweden
70,Rhetta,Jacombs,rjacombs1x@accuweather.com,Female,256-894-0121,Nacka,Stockholm,131 46,Sweden
486,Noami,Biskupski,nbiskupskidh@google.com,Female,496-760-0753,Nacka,Stockholm,131 46,Sweden
488,Carola,Entwistle,centwistledj@weibo.com,Female,759-715-5694,Nacka,Stockholm,131 83,Sweden
292,Joanna,Blaszczyk,jblaszczyk83@jalbum.net,Female,720-991-6615,Gustavsberg,Stockholm,134 40,Sweden
76,Annalise,Gosling,agosling23@naver.com,Female,852-467-4350,Ingarö,Stockholm,134 61,Sweden
190,Kalina,Timperley,ktimperley59@globo.com,Female,168-876-4618,Tyresö,Stockholm,135 40,Sweden
780,Eleen,Baldree,ebaldreeln@usnews.com,Female,476-684-9872,Haninge,Stockholm,136 68,Sweden
378,Danit,Garard,dgarardah@meetup.com,Female,728-682-2996,Västerhaninge,Stockholm,137 24,Sweden
614,Kinna,Howley,khowleyh1@sakura.ne.jp,Female,368-111-0861,Västerhaninge,Stockholm,137 24,Sweden
631,Benita,M'cowis,bmcowishi@sphinn.com,Female,378-831-0291,Värmdö,Stockholm,139 51,Sweden
983,Zsa zsa,Fillery,zfilleryra@princeton.edu,Female,777-570-4869,Huddinge,Stockholm,141 21,Sweden
838,Angy,Stairs,astairsn9@wikispaces.com,Female,876-993-2594,Huddinge,Stockholm,141 48,Sweden
138,Karla,Barks,kbarks3t@moonfruit.com,Female,203-261-5598,Vårby,Stockholm,143 46,Sweden
19,Cyndi,Mercik,cmerciki@delicious.com,Female,962-855-3025,Rönninge,Stockholm,144 30,Sweden
845,Cheryl,Lindley,clindleyng@123-reg.co.uk,Female,903-928-8802,Rönninge,Stockholm,144 30,Sweden
290,Corliss,Carneck,ccarneck81@123-reg.co.uk,Female,464-314-4849,Norsborg,Stockholm,145 74,Sweden
485,Debra,Besset,dbessetdg@senate.gov,Female,645-156-2792,Norsborg,Stockholm,145 74,Sweden
971,Edy,Aron,earonqy@dot.gov,Female,516-355-3418,Tullinge,Stockholm,146 50,Sweden
567,Tabby,Buzine,tbuzinefq@phoca.cz,Female,808-252-1603,Tumba,Stockholm,147 42,Sweden
201,Leigha,Hasloch,lhasloch5k@ca.gov,Female,253-672-4158,Nynäshamn,Stockholm,149 43,Sweden
886,Petronilla,Twyford,ptwyfordol@studiopress.com,Female,834-193-2833,Nynäshamn,Stockholm,149 81,Sweden
940,Beryle,Pietri,bpietriq3@jigsy.com,Female,230-331-2698,Södertälje,Stockholm,151 44,Sweden
773,Fleur,Bigly,fbiglylg@ted.com,Female,665-492-8110,Järna,Stockholm,153 31,Sweden
372,Sileas,Clineck,sclineckab@plala.or.jp,Female,713-246-7034,Bromma,Stockholm,161 26,Sweden
49,Almeda,McCole,amccole1c@hibu.com,Female,926-348-3640,Vällingby,Stockholm,162 15,Sweden
800,Leeanne,Broadnicke,lbroadnickem7@tamu.edu,Female,971-771-4175,Vällingby,Stockholm,162 50,Sweden
661,Cherise,Hebditch,chebditchic@istockphoto.com,Female,422-901-2625,Spånga,Stockholm,163 53,Sweden
563,Corliss,Hatherley,chatherleyfm@ehow.com,Female,582-930-9252,Spånga,Stockholm,163 62,Sweden
161,Ainsley,Peris,aperis4g@youku.com,Female,493-467-3307,Kista,Stockholm,164 35,Sweden
186,Tobi,Underhill,tunderhill55@china.com.cn,Female,210-386-7095,Kista,Stockholm,164 91,Sweden
310,Athene,Sibthorp,asibthorp8l@delicious.com,Female,624-541-6581,Hässelby,Stockholm,165 60,Sweden
918,Koressa,Parslow,kparslowph@army.mil,Female,146-483-5379,Bromma,Stockholm,167 66,Sweden
828,Magdalen,Laurant,mlaurantmz@un.org,Female,679-838-7757,Bromma,Stockholm,167 74,Sweden
178,Gina,McCaughey,gmccaughey4x@examiner.com,Female,101-805-7859,Bromma,Stockholm,168 00,Sweden
282,Lebbie,Aslin,laslin7t@soup.io,Female,492-135-6123,Bromma,Stockholm,168 37,Sweden
747,Tootsie,Trevascus,ttrevascuskq@virginia.edu,Female,941-126-6471,Bromma,Stockholm,168 37,Sweden
96,Dolley,Westcar,dwestcar2n@reference.com,Female,526-107-5244,Bromma,Stockholm,168 74,Sweden
517,Else,Cunah,ecunahec@livejournal.com,Female,488-818-9567,Bromma,Stockholm,168 74,Sweden
187,Vanny,Phette,vphette56@altervista.org,Female,660-760-2609,Solna,Stockholm,169 05,Sweden
507,Daisey,Grinham,dgrinhame2@com.com,Female,429-813-3451,Solna,Stockholm,169 65,Sweden
364,Lorelle,Arundell,larundella3@shop-pro.jp,Female,140-323-8151,Solna,Stockholm,169 70,Sweden
791,Ranice,Manilo,rmaniloly@google.com.hk,Female,857-457-4300,Solna,Stockholm,170 77,Sweden
529,Jillane,Gietz,jgietzeo@github.io,Female,862-839-0067,Solna,Stockholm,171 64,Sweden
7,Rosanna,Oxton,roxton6@cmu.edu,Female,518-936-0425,Sundbyberg,Stockholm,172 23,Sweden
433,Brande,Howler,bhowlerc0@xrea.com,Female,423-103-2697,Sundbyberg,Stockholm,172 39,Sweden
822,Mellicent,Yandell,myandellmt@cdc.gov,Female,806-104-1536,Sundbyberg,Stockholm,174 59,Sweden
77,Orella,McGowran,omcgowran24@vistaprint.com,Female,173-597-0085,Järfälla,Stockholm,177 35,Sweden
471,Linet,Dunkerly,ldunkerlyd2@ebay.co.uk,Female,609-219-0695,Lidingö,Stockholm,181 36,Sweden
72,Abbye,Thomazin,athomazin1z@hostgator.com,Female,136-857-5755,Lidingö,Stockholm,181 72,Sweden
887,Jacintha,Freezer,jfreezerom@netvibes.com,Female,512-753-8866,Danderyd,Stockholm,182 39,Sweden
130,Dorie,Arnaudon,darnaudon3l@squidoo.com,Female,207-464-1397,Danderyd,Stockholm,182 57,Sweden
397,Kelci,Gray,kgrayb0@reddit.com,Female,492-501-0467,Danderyd,Stockholm,182 57,Sweden
20,Annamaria,Narbett,anarbettj@fda.gov,Female,528-393-5018,Täby,Stockholm,183 55,Sweden
465,Maxine,Anthony,manthonycw@craigslist.org,Female,543-521-4379,Täby,Stockholm,183 65,Sweden
755,Clareta,McEntagart,cmcentagartky@is.gd,Female,264-476-1868,Täby,Stockholm,183 65,Sweden
817,Merrie,Veazey,mveazeymo@prweb.com,Female,678-534-9381,Täby,Stockholm,183 83,Sweden
618,Odelinda,Chrstine,ochrstineh5@sbwire.com,Female,713-626-6084,Åkersberga,Stockholm,184 34,Sweden
619,Ddene,Hearnes,dhearnesh6@state.gov,Female,125-484-6738,Vallentuna,Stockholm,186 31,Sweden
260,Sharyl,Bidnall,sbidnall77@timesonline.co.uk,Female,515-562-5329,Vallentuna,Stockholm,186 96,Sweden
861,Coraline,Cotsford,ccotsfordnw@altervista.org,Female,777-554-2218,Vallentuna,Stockholm,186 96,Sweden
71,Cori,McPartlin,cmcpartlin1y@gnu.org,Female,298-798-3182,Täby,Stockholm,187 14,Sweden
155,Arielle,Regus,aregus4a@pbs.org,Female,805-412-8664,Täby,Stockholm,187 14,Sweden
976,Noemi,Jochen,njochenr3@gmpg.org,Female,635-597-6643,Täby,Stockholm,187 14,Sweden
632,Konstanze,Cobden,kcobdenhj@g.co,Female,994-568-6706,Norrtälje,Stockholm,761 31,Sweden
565,Marlena,Jagson,mjagsonfo@mac.com,Female,139-343-3177,Norrtälje,Stockholm,761 93,Sweden
914,Janka,Raggett,jraggettpd@delicious.com,Agender,418-176-0525,Bandhagen,Stockholm,124 54,Sweden
108,Joyan,Thor,jthor2z@imdb.com,Agender,232-758-1924,Solna,Stockholm,169 30,Sweden
219,Codie,Grain,cgrain62@behance.net,Agender,500-342-1376,Sundbyberg,Stockholm,174 44,Sweden
398,Marian,Sherer,mshererb1@latimes.com,Agender,168-462-0103,Vallentuna,Stockholm,186 53,Sweden
240,Elinore,Mara,emara6n@berkeley.edu,Bigender,820-581-5496,Stockholm,Stockholm,111 46,Sweden
634,Merola,Garner,mgarnerhl@ebay.co.uk,Bigender,433-729-7789,Bandhagen,Stockholm,124 54,Sweden
223,Wiatt,Bousfield,wbousfield66@gnu.org,Bigender,902-268-6199,Solna,Stockholm,170 77,Sweden
814,Hew,Conville,hconvilleml@timesonline.co.uk,Non-binary,275-290-4002,Stockholm,Stockholm,118 50,Sweden
188,Timothy,Wakeling,twakeling57@biblegateway.com,Non-binary,958-520-5030,Vårby,Stockholm,143 42,Sweden
359,Guenna,Tilly,gtilly9y@about.me,Non-binary,257-833-7335,Åkersberga,Stockholm,184 23,Sweden
600,Masha,Rutgers,mrutgersgn@1und1.de,Polygender,987-641-9615,Stockholm,Stockholm,102 27,Sweden
380,Nikki,Gurg,ngurgaj@imgur.com,Polygender,418-198-2988,Stockholm,Stockholm,117 43,Sweden
266,Zeke,Radloff,zradloff7d@google.com,Polygender,631-204-6160,Skärholmen,Stockholm,127 43,Sweden
775,Harmonie,Stitle,hstitleli@unicef.org,Polygender,269-447-5402,Saltsjö-Boo,Stockholm,132 30,Sweden
693,Zonnya,Pleass,zpleassj8@tinypic.com,Polygender,488-241-9549,Södertälje,Stockholm,151 88,Sweden
534,Abner,Buxy,abuxyet@princeton.edu,Genderfluid,235-569-4309,Tyresö,Stockholm,135 40,Sweden
988,Magdalene,Hickford,mhickfordrf@nifty.com,Genderqueer,818-993-7923,Stockholm,Stockholm,113 03,Sweden
779,Blondell,Kingsland,bkingslandlm@woothemes.com,Genderqueer,789-158-3705,Johanneshov,Stockholm,121 36,Sweden
855,Jo,Challin,jchallinnq@wordpress.org,Male,695-398-4773,Karlstad,Värmland,651 11,Sweden
964,Byrom,Siemens,bsiemensqr@dyndns.org,Male,598-168-5790,Säffle,Värmland,661 24,Sweden
106,Lin,Christie,lchristie2x@spiegel.de,Male,468-743-9440,Forshaga,Värmland,667 91,Sweden
421,Granger,Megarry,gmegarrybo@whitehouse.gov,Male,811-138-9352,Forshaga,Värmland,667 91,Sweden
744,Chadwick,Westbrook,cwestbrookkn@stumbleupon.com,Male,663-863-8912,Arvika,Värmland,671 41,Sweden
584,Kelby,Jewel,kjewelg7@ifeng.com,Male,194-683-7421,Kristinehamn,Värmland,681 54,Sweden
515,Tymon,Mish,tmishea@scientificamerican.com,Male,508-968-9021,Munkfors,Värmland,684 91,Sweden
865,Gabby,Dimitrie,gdimitrieo0@slate.com,Male,751-824-0913,Sunne,Värmland,686 91,Sweden
655,Andie,Labram,alabrami6@reference.com,Female,579-482-9692,Karlstad,Värmland,651 01,Sweden
795,Cissiee,Stronack,cstronackm2@mail.ru,Female,913-616-9275,Karlstad,Värmland,651 01,Sweden
572,Tory,Theseira,ttheseirafv@wufoo.com,Female,945-970-3990,Karlstad,Värmland,651 80,Sweden
924,Laina,Sarle,lsarlepn@behance.net,Female,988-131-0469,Karlstad,Värmland,652 22,Sweden
51,Tallia,McLarnon,tmclarnon1e@parallels.com,Female,266-654-7102,Karlstad,Värmland,655 94,Sweden
718,Wendeline,Jayes,wjayesjx@shinystat.com,Female,724-571-9929,Säffle,Värmland,661 31,Sweden
766,Kat,Muriel,kmuriell9@time.com,Female,191-995-2787,Säffle,Värmland,661 31,Sweden
809,Nancee,Hambrick,nhambrickmg@wikispaces.com,Female,940-394-6768,Säffle,Värmland,661 31,Sweden
163,Kerri,Beltzner,kbeltzner4i@rediff.com,Female,655-949-6124,Hammarö,Värmland,663 42,Sweden
23,Freda,Sackett,fsackettm@freewebs.com,Female,629-232-6449,Kil,Värmland,665 33,Sweden
873,Nicki,Bettison,nbettisono8@angelfire.com,Female,441-619-3975,Deje,Värmland,669 31,Sweden
412,Laurice,Galland,lgallandbf@dot.gov,Female,912-653-4037,Arvika,Värmland,671 41,Sweden
762,Hildy,Hallor,hhallorl5@ifeng.com,Female,628-282-7444,Arvika,Värmland,671 41,Sweden
311,Rikki,Dyers,rdyers8m@army.mil,Female,912-585-7327,Arvika,Värmland,671 60,Sweden
973,Edwina,Synan,esynanr0@cargocollective.com,Female,692-370-1449,Arvika,Värmland,671 60,Sweden
224,Mariele,Bonney,mbonney67@cdbaby.com,Female,762-516-0651,Årjäng,Värmland,672 24,Sweden
131,Ula,Brocket,ubrocket3m@devhub.com,Female,678-256-3609,Kristinehamn,Värmland,681 54,Sweden
920,Johnna,Siddens,jsiddenspj@china.com.cn,Female,375-789-9057,Kristinehamn,Värmland,681 54,Sweden
948,Judie,Somerled,jsomerledqb@spiegel.de,Female,197-379-6512,Kristinehamn,Värmland,681 84,Sweden
403,Leandra,Ridout,lridoutb6@mapy.cz,Female,942-631-4724,Filipstad,Värmland,682 33,Sweden
728,Gwendolin,Dupre,gduprek7@go.com,Female,541-512-9533,Filipstad,Värmland,682 33,Sweden
527,Estrella,Cammidge,ecammidgeem@shinystat.com,Female,917-445-7795,Munkfors,Värmland,684 91,Sweden
98,Sonny,Kovnot,skovnot2p@yahoo.co.jp,Female,361-441-3093,Sunne,Värmland,686 24,Sweden
206,Susann,Stygall,sstygall5p@altervista.org,Female,676-645-0524,Sunne,Värmland,686 24,Sweden
388,Timmie,Skedge,tskedgear@state.tx.us,Female,484-716-7349,Sunne,Värmland,686 24,Sweden
936,Wakefield,Munns,wmunnspz@msn.com,Non-binary,527-242-9101,Deje,Värmland,669 31,Sweden
658,Urban,Guilloton,uguillotoni9@imageshack.us,Polygender,933-875-3277,Forshaga,Värmland,667 30,Sweden
245,Martie,Tallow,mtallow6s@over-blog.com,Polygender,390-617-9245,Filipstad,Värmland,682 24,Sweden
606,Phillip,Nenci,pnencigt@webeden.co.uk,Polygender,412-379-9546,Hagfors,Värmland,683 24,Sweden
222,Elna,Whitwood,ewhitwood65@blinklist.com,Genderqueer,227-472-1353,Kristinehamn,Värmland,681 84,Sweden
88,Fremont,Hadfield,fhadfield2f@cafepress.com,Male,903-438-0790,Gävle,Gävleborg,801 33,Sweden
790,Salim,McGilvary,smcgilvarylx@wikispaces.com,Male,373-825-2342,Gävle,Gävleborg,806 31,Sweden
253,Ware,Meeking,wmeeking70@fema.gov,Male,371-136-3988,Sandviken,Gävleborg,811 40,Sweden
630,Norton,Galey,ngaleyhh@pen.io,Male,390-137-8284,Sandviken,Gävleborg,811 40,Sweden
112,Dmitri,Drysdall,ddrysdall33@answers.com,Male,677-536-5167,Hudiksvall,Gävleborg,824 26,Sweden
750,Winfred,Ohrt,wohrtkt@tinypic.com,Male,318-509-5700,Hudiksvall,Gävleborg,824 26,Sweden
35,Martie,Branscomb,mbranscomby@tiny.cc,Male,721-468-8464,Söderhamn,Gävleborg,826 70,Sweden
406,Pierson,Kordes,pkordesb9@goo.gl,Male,510-954-0192,Söderhamn,Gävleborg,826 86,Sweden
345,Brenda,MacCallion,bmaccallion9k@google.fr,Female,328-710-5559,Gävle,Gävleborg,801 06,Sweden
850,Kellsie,Apfelmann,kapfelmannnl@techcrunch.com,Female,848-479-6686,Gävle,Gävleborg,801 06,Sweden
47,Lira,Peskin,lpeskin1a@hhs.gov,Female,761-320-1304,Gävle,Gävleborg,801 33,Sweden
787,Livvie,Cathersides,lcathersideslu@statcounter.com,Female,694-495-6370,Gävle,Gävleborg,801 74,Sweden
121,Cyndy,Limpertz,climpertz3c@icq.com,Female,528-404-1525,Gävle,Gävleborg,802 85,Sweden
418,Maribeth,Marklin,mmarklinbl@dailymail.co.uk,Female,517-873-5744,Sandviken,Gävleborg,811 40,Sweden
636,Micki,Pennells,mpennellshn@g.co,Female,528-390-1689,Hofors,Gävleborg,813 27,Sweden
405,Livvyy,Greenan,lgreenanb8@addtoany.com,Female,359-822-8521,Hofors,Gävleborg,813 91,Sweden
335,Lona,Langhorne,llanghorne9a@51.la,Female,836-613-8631,Valbo,Gävleborg,818 31,Sweden
293,Delcine,Thurling,dthurling84@google.pl,Female,475-420-6807,Bollnäs,Gävleborg,821 94,Sweden
751,Daisie,Fountaine,dfountaineku@goo.gl,Female,649-543-3167,Kilafors,Gävleborg,823 80,Sweden
314,Vinny,Swyer,vswyer8p@yelp.com,Female,942-122-7211,Söderhamn,Gävleborg,826 70,Sweden
937,Selie,Naton,snatonq0@nsw.gov.au,Female,887-418-9074,Söderhamn,Gävleborg,826 86,Sweden
337,Bonni,Joinson,bjoinson9c@parallels.com,Polygender,682-342-7874,Sandviken,Gävleborg,811 53,Sweden
382,Valera,Mugg,vmuggal@smh.com.au,Genderqueer,535-643-5837,Söderhamn,Gävleborg,826 31,Sweden
312,Roger,Pears,rpears8n@mediafire.com,Male,191-623-6464,Öjebyn,Norrbotten,943 36,Sweden
417,Caleb,Aloshikin,caloshikinbk@barnesandnoble.com,Male,253-591-0001,Piteå,Norrbotten,944 73,Sweden
473,Mord,Yanele,myaneled4@ftc.gov,Male,146-303-0889,Haparanda,Norrbotten,953 34,Sweden
170,Levey,Donne,ldonne4p@studiopress.com,Male,460-163-7679,Haparanda,Norrbotten,953 91,Sweden
146,Colan,Traylen,ctraylen41@hatena.ne.jp,Male,478-236-6540,Boden,Norrbotten,961 36,Sweden
287,Pascal,Caplen,pcaplen7y@arizona.edu,Male,498-346-9387,Luleå,Norrbotten,971 29,Sweden
309,Nat,Budleigh,nbudleigh8k@unc.edu,Male,145-126-0032,Luleå,Norrbotten,971 29,Sweden
379,Jarred,Kinnie,jkinnieai@fotki.com,Male,763-969-5578,Luleå,Norrbotten,974 42,Sweden
839,Sauveur,Nairne,snairnena@huffingtonpost.com,Male,976-171-9331,Luleå,Norrbotten,976 33,Sweden
625,Kerwin,Digman,kdigmanhc@webs.com,Male,461-201-5270,Kiruna,Norrbotten,981 31,Sweden
42,Forster,Sheeran,fsheeran15@hexun.com,Male,960-754-4097,Kiruna,Norrbotten,981 80,Sweden
90,Krispin,Blackett,kblackett2h@wired.com,Male,114-327-9659,Kiruna,Norrbotten,981 80,Sweden
483,Eberhard,Duigan,eduigande@adobe.com,Male,550-493-3720,Gällivare,Norrbotten,982 81,Sweden
481,Harlene,Farragher,hfarragherdc@huffingtonpost.com,Female,899-464-8094,Piteå,Norrbotten,941 22,Sweden
913,Tammi,Howick,thowickpc@wikimedia.org,Female,513-343-7294,Haparanda,Norrbotten,953 34,Sweden
994,Lacy,MacDonough,lmacdonoughrl@cloudflare.com,Female,497-481-9185,Överkalix,Norrbotten,956 93,Sweden
770,Marijo,Lehrian,mlehrianld@list-manage.com,Female,517-459-2851,Övertorneå,Norrbotten,957 32,Sweden
175,Minnaminnie,Yeld,myeld4u@ibm.com,Female,458-367-5489,Övertorneå,Norrbotten,957 99,Sweden
194,Courtnay,Brockhouse,cbrockhouse5d@businesswire.com,Female,905-167-8440,Boden,Norrbotten,961 19,Sweden
484,Anett,Lyttle,alyttledf@examiner.com,Female,625-380-4512,Boden,Norrbotten,961 19,Sweden
389,Mair,Desborough,mdesboroughas@squarespace.com,Female,667-706-7535,Jokkmokk,Norrbotten,962 24,Sweden
516,Billi,Millier,bmilliereb@omniture.com,Female,470-976-8809,Jokkmokk,Norrbotten,962 24,Sweden
604,Carissa,Collcutt,ccollcuttgr@studiopress.com,Female,383-374-4383,Jokkmokk,Norrbotten,962 24,Sweden
271,Opalina,Meir,omeir7i@google.nl,Female,372-762-5541,Luleå,Norrbotten,971 82,Sweden
819,Judye,McIlheran,jmcilheranmq@walmart.com,Female,497-430-2537,Luleå,Norrbotten,973 23,Sweden
89,Adeline,Haresign,aharesign2g@webeden.co.uk,Female,775-507-3887,Luleå,Norrbotten,973 29,Sweden
248,Phebe,Stubbings,pstubbings6v@seattletimes.com,Female,191-695-3364,Luleå,Norrbotten,973 29,Sweden
571,Collette,Linnard,clinnardfu@amazonaws.com,Female,262-553-1929,Luleå,Norrbotten,973 46,Sweden
243,Marni,Dent,mdent6q@usda.gov,Female,218-999-5800,Luleå,Norrbotten,974 42,Sweden
998,Daphene,Jell,djellrp@moonfruit.com,Female,946-416-1189,Luleå,Norrbotten,974 42,Sweden
45,Allx,Anthill,aanthill18@java.com,Female,989-765-0351,Luleå,Norrbotten,976 33,Sweden
174,Marlo,Aitken,maitken4t@spotify.com,Female,627-902-5311,Gällivare,Norrbotten,982 81,Sweden
611,Arlena,Debow,adebowgy@google.com.br,Agender,912-479-1490,Luleå,Norrbotten,971 05,Sweden
226,Evie,Noon,enoon69@bravesites.com,Polygender,666-929-8953,Haparanda,Norrbotten,953 91,Sweden
610,Glory,Piggin,gpiggingx@hugedomains.com,Polygender,246-407-3852,Jokkmokk,Norrbotten,962 24,Sweden
269,Tracie,Seage,tseage7g@webnode.com,Male,929-505-6546,Jönköping,Jönköping,550 11,Sweden
999,Tailor,Haigh,thaighrq@ibm.com,Male,827-798-3656,Jönköping,Jönköping,551 21,Sweden
198,Land,Rickasse,lrickasse5h@netlog.com,Male,196-961-2652,Huskvarna,Jönköping,561 36,Sweden
480,Jud,Iannelli,jiannellidb@technorati.com,Male,809-431-8431,Huskvarna,Jönköping,561 36,Sweden
818,Gibby,Raoult,graoultmp@xinhuanet.com,Male,734-166-6630,Huskvarna,Jönköping,561 36,Sweden
558,Ronnie,Janssen,rjanssenfh@sitemeter.com,Male,268-174-6236,Huskvarna,Jönköping,561 50,Sweden
786,Benjie,Gislebert,bgislebertlt@springer.com,Male,893-987-6103,Gränna,Jönköping,563 32,Sweden
832,Brewster,Sadd,bsaddn3@theglobeandmail.com,Male,816-934-6210,Mullsjö,Jönköping,565 31,Sweden
215,Dietrich,Kemet,dkemet5y@unicef.org,Male,810-923-0843,Nässjö,Jönköping,571 82,Sweden
908,Forster,Joney,fjoneyp7@ezinearticles.com,Male,601-618-3176,Eksjö,Jönköping,575 28,Sweden
496,Tait,Crolly,tcrollydr@parallels.com,Male,734-745-1720,Sävsjö,Jönköping,576 24,Sweden
450,Nelia,Siene,nsienech@independent.co.uk,Female,848-730-1542,Värnamo,Jönköping,331 85,Sweden
247,Gennie,Toor,gtoor6u@pinterest.com,Female,545-347-0590,Gislaved,Jönköping,332 24,Sweden
553,Nydia,Ormiston,normistonfc@fotki.com,Female,520-647-0149,Jönköping,Jönköping,551 11,Sweden
177,Nona,Jermin,njermin4w@thetimes.co.uk,Female,833-526-7047,Jönköping,Jönköping,553 33,Sweden
670,Noel,Droogan,ndrooganil@jigsy.com,Female,256-416-4910,Jönköping,Jönköping,554 46,Sweden
383,Rubia,Lafoy,rlafoyam@umn.edu,Female,253-191-9459,Jönköping,Jönköping,554 52,Sweden
695,Germana,Wraight,gwraightja@miitbeian.gov.cn,Female,574-295-2910,Gränna,Jönköping,563 32,Sweden
863,Jacquelynn,Brankley,jbrankleyny@zimbio.com,Female,582-813-4251,Gränna,Jönköping,563 32,Sweden
911,Nissy,Whitwam,nwhitwampa@omniture.com,Female,584-258-6597,Bankeryd,Jönköping,564 35,Sweden
904,Lilli,Treweek,ltreweekp3@eepurl.com,Female,562-109-4415,Vetlanda,Jönköping,574 28,Sweden
333,Traci,Blomefield,tblomefield98@loc.gov,Agender,558-654-3532,Jönköping,Jönköping,553 33,Sweden
447,Goldarina,Feragh,gferaghce@dropbox.com,Agender,434-197-4247,Gränna,Jönköping,563 32,Sweden
537,Kelcy,Lilburne,klilburneew@ycombinator.com,Polygender,490-136-9867,Nässjö,Jönköping,571 36,Sweden
320,Stanwood,Hand,shand8v@parallels.com,Genderfluid,959-417-0450,Eksjö,Jönköping,575 35,Sweden
574,Arden,McTurk,amcturkfx@miitbeian.gov.cn,Genderqueer,373-437-3098,Värnamo,Jönköping,331 43,Sweden
849,Dionysus,German,dgermannk@alexa.com,Male,557-235-3625,Västerås,Västmanland,721 32,Sweden
339,Mervin,Bordis,mbordis9e@wikipedia.org,Male,641-262-5713,Västerås,Västmanland,722 25,Sweden
944,Jacob,Slaughter,jslaughterq7@ezinearticles.com,Male,932-336-6974,Västerås,Västmanland,723 35,Sweden
758,Ludovico,Wickson,lwicksonl1@walmart.com,Male,644-898-1036,Västerås,Västmanland,724 68,Sweden
436,Oswald,Degli Abbati,odegliabbatic3@wordpress.org,Male,560-676-7458,Köping,Västmanland,731 27,Sweden
414,Darrel,Pennini,dpenninibh@storify.com,Male,256-935-9190,Köping,Västmanland,731 33,Sweden
756,Pavel,Garwill,pgarwillkz@senate.gov,Male,931-507-4045,Köping,Västmanland,731 33,Sweden
331,Patricio,Estoile,pestoile96@sohu.com,Male,973-407-9879,Arboga,Västmanland,732 96,Sweden
735,Dan,Moyle,dmoyleke@livejournal.com,Male,280-438-0330,Arboga,Västmanland,732 96,Sweden
916,Spense,Burehill,sburehillpf@bing.com,Male,416-773-4224,Sala,Västmanland,733 24,Sweden
442,Darn,Shallcroff,dshallcroffc9@tumblr.com,Male,762-345-0138,Hallstahammar,Västmanland,734 91,Sweden
391,Harwilll,Kembry,hkembryau@google.com.au,Male,388-687-0880,Kungsör,Västmanland,736 25,Sweden
996,Felix,Spiby,fspibyrn@time.com,Male,539-620-4147,Norberg,Västmanland,738 23,Sweden
184,Blake,Springett,bspringett53@t.co,Male,175-362-7296,Norberg,Västmanland,738 34,Sweden
275,Penny,Esby,pesby7m@t.co,Female,722-510-2412,Västerås,Västmanland,721 00,Sweden
922,Ally,Briscam,abriscampl@bloglines.com,Female,225-369-9643,Västerås,Västmanland,721 27,Sweden
32,Peggy,Morrish,pmorrishv@creativecommons.org,Female,769-747-7959,Västerås,Västmanland,721 37,Sweden
306,Theda,Davidoff,tdavidoff8h@state.gov,Female,385-345-7335,Västerås,Västmanland,721 57,Sweden
307,Karla,Divver,kdivver8i@opensource.org,Female,310-389-2396,Västerås,Västmanland,721 85,Sweden
820,Kirbee,Rosso,krossomr@bluehost.com,Female,437-935-8219,Västerås,Västmanland,722 25,Sweden
95,Charita,Janeway,cjaneway2m@marketwatch.com,Female,709-671-8168,Västerås,Västmanland,723 35,Sweden
151,Lottie,Fuidge,lfuidge46@flavors.me,Female,415-409-6583,Västerås,Västmanland,723 35,Sweden
231,Alfy,Gillespey,agillespey6e@t.co,Female,976-317-6433,Västerås,Västmanland,723 35,Sweden
430,Carrissa,Shackleton,cshackletonbx@house.gov,Female,964-279-1642,Köping,Västmanland,731 27,Sweden
617,Keslie,Schulter,kschulterh4@tinyurl.com,Female,588-237-4014,Köping,Västmanland,731 27,Sweden
851,Georgina,Undy,gundynm@google.com.br,Female,421-550-6606,Arboga,Västmanland,732 24,Sweden
860,Dee dee,Lievesley,dlievesleynv@addtoany.com,Female,576-152-3797,Arboga,Västmanland,732 46,Sweden
901,Leilah,Strowthers,lstrowthersp0@state.gov,Female,339-896-1827,Arboga,Västmanland,732 46,Sweden
659,Arda,Filip,afilipia@icio.us,Female,156-733-0997,Sala,Västmanland,733 24,Sweden
892,Andree,Blaver,ablaveror@webeden.co.uk,Female,726-918-7818,Hallstahammar,Västmanland,734 91,Sweden
628,Margarita,Dafter,mdafterhf@yale.edu,Female,218-772-5426,Kungsör,Västmanland,736 25,Sweden
428,Alexi,Asals,aasalsbv@bravesites.com,Female,898-284-0604,Kungsör,Västmanland,736 34,Sweden
302,Kellie,Coakley,kcoakley8d@theatlantic.com,Female,928-412-5163,Skinnskatteberg,Västmanland,739 30,Sweden
771,Kip,Antoney,kantoneyle@zdnet.com,Bigender,596-114-0745,Västerås,Västmanland,725 91,Sweden
259,Simonne,Vazquez,svazquez76@vkontakte.ru,Polygender,156-860-1584,Västerås,Västmanland,722 25,Sweden
562,Leonelle,Eisig,leisigfl@cam.ac.uk,Polygender,399-287-2129,Norberg,Västmanland,738 34,Sweden
525,Eward,Eby,eebyek@earthlink.net,Male,289-955-9427,Nyköping,Södermanland,611 35,Sweden
55,Dael,Tufts,dtufts1i@wikimedia.org,Male,432-928-7954,Nyköping,Södermanland,611 93,Sweden
781,Wolfgang,Poltone,wpoltonelo@japanpost.jp,Male,764-921-6503,Trosa,Södermanland,619 35,Sweden
703,Clarence,Greenhaugh,cgreenhaughji@sohu.com,Male,396-842-1340,Eskilstuna,Södermanland,632 32,Sweden
487,Stacy,Braysher,sbraysherdi@jalbum.net,Male,874-541-9341,Eskilstuna,Södermanland,633 47,Sweden
765,Shea,Macauley,smacauleyl8@engadget.com,Male,513-580-8819,Eskilstuna,Södermanland,635 11,Sweden
459,Levi,Springham,lspringhamcq@live.com,Male,926-807-6253,Katrineholm,Södermanland,641 96,Sweden
902,Arnaldo,Iles,ailesp1@mit.edu,Male,128-949-4031,Flen,Södermanland,642 24,Sweden
963,Horton,Carnilian,hcarnilianqq@nba.com,Male,449-637-1259,Flen,Södermanland,642 24,Sweden
802,Stevie,Krolik,skrolikm9@google.com,Male,936-537-3779,Strängnäs,Södermanland,645 23,Sweden
746,Fitz,Marguerite,fmargueritekp@psu.edu,Male,601-649-0508,Strängnäs,Södermanland,645 51,Sweden
711,Emerson,Cranney,ecranneyjq@edublogs.org,Male,418-101-7538,Strängnäs,Södermanland,645 84,Sweden
555,Joni,Lutty,jluttyfe@archive.org,Female,730-454-1936,Trosa,Södermanland,619 35,Sweden
831,Jennine,Giacopelo,jgiacopelon2@ftc.gov,Female,175-429-3302,Eskilstuna,Södermanland,631 85,Sweden
732,Gertrude,Isaak,gisaakkb@foxnews.com,Female,218-280-6377,Eskilstuna,Södermanland,632 32,Sweden
228,Lorenza,Woolfall,lwoolfall6b@abc.net.au,Female,795-334-6288,Eskilstuna,Södermanland,633 47,Sweden
513,Arlina,Skoyles,askoylese8@behance.net,Female,782-494-8572,Eskilstuna,Södermanland,633 47,Sweden
536,Florette,Crozier,fcrozierev@sciencedirect.com,Female,553-669-8344,Eskilstuna,Södermanland,633 47,Sweden
81,Ardella,Stopford,astopford28@wp.com,Female,513-126-7452,Katrineholm,Södermanland,641 36,Sweden
160,Daphna,Flaverty,dflaverty4f@yandex.ru,Female,887-607-0299,Katrineholm,Södermanland,641 36,Sweden
895,Gerri,Kniveton,gknivetonou@dailymail.co.uk,Female,959-801-2572,Katrineholm,Södermanland,641 91,Sweden
720,Wendye,Rizzone,wrizzonejz@yahoo.com,Female,608-735-6738,Katrineholm,Södermanland,641 96,Sweden
521,Andeee,Kennet,akenneteg@unesco.org,Female,852-403-4786,Flen,Södermanland,642 82,Sweden
416,Berti,Leaburn,bleaburnbj@amazon.co.uk,Female,980-418-7038,Strängnäs,Södermanland,645 23,Sweden
265,Sunny,Mathon,smathon7c@facebook.com,Female,461-392-6051,Strängnäs,Södermanland,645 51,Sweden
531,Ardith,Alltimes,aalltimeseq@de.vu,Female,846-630-1939,Strängnäs,Södermanland,645 94,Sweden
301,Nyssa,Combes,ncombes8c@cocolog-nifty.com,Female,695-446-8544,Mariefred,Södermanland,647 81,Sweden
708,Charlton,Mixture,cmixturejn@blogtalkradio.com,Genderqueer,592-792-7941,Nyköping,Södermanland,611 81,Sweden
183,Merv,Cowl,mcowl52@pen.io,Male,594-754-6103,Umeå,Västerbotten,903 33,Sweden
582,Selig,Orrin,sorring5@hp.com,Male,722-517-1786,Umeå,Västerbotten,903 33,Sweden
321,Kellby,Kittman,kkittman8w@i2i.jp,Male,427-969-2279,Umeå,Västerbotten,907 31,Sweden
688,Swen,Rosenfelder,srosenfelderj3@tiny.cc,Male,342-450-7970,Vännäs,Västerbotten,911 32,Sweden
411,Welch,Bartoshevich,wbartoshevichbe@smugmug.com,Male,415-505-6481,Vilhelmina,Västerbotten,912 24,Sweden
941,Adams,Doe,adoeq4@sun.com,Male,748-716-1913,Robertsfors,Västerbotten,915 32,Sweden
613,Burch,Bewlay,bbewlayh0@blogspot.com,Male,736-379-7736,Skellefteå,Västerbotten,931 52,Sweden
250,Noah,Petracco,npetracco6x@over-blog.com,Male,753-939-6913,Skellefteå,Västerbotten,931 77,Sweden
355,Ashton,Prantl,aprantl9u@angelfire.com,Male,578-342-2953,Skellefteå,Västerbotten,931 77,Sweden
285,Melly,Staddon,mstaddon7w@google.es,Female,112-501-6919,Umeå,Västerbotten,904 22,Sweden
580,Kassandra,Scedall,kscedallg3@freewebs.com,Female,627-537-3844,Umeå,Västerbotten,904 35,Sweden
400,Lucretia,Grigoryev,lgrigoryevb3@vk.com,Female,290-211-4553,Umeå,Västerbotten,906 42,Sweden
396,Dehlia,Kearsley,dkearsleyaz@mac.com,Female,957-915-4897,Umeå,Västerbotten,907 04,Sweden
136,Suzi,Boles,sboles3r@independent.co.uk,Female,861-542-2157,Vilhelmina,Västerbotten,912 24,Sweden
80,Drucill,Gilbane,dgilbane27@about.me,Female,590-496-4604,Lycksele,Västerbotten,921 41,Sweden
342,Henrieta,Hankinson,hhankinson9h@jalbum.net,Female,992-759-2962,Storuman,Västerbotten,923 98,Sweden
696,Fayina,Dymick,fdymickjb@hugedomains.com,Female,847-436-5948,Skellefteå,Västerbotten,931 22,Sweden
159,Katerine,Eastlake,keastlake4e@people.com.cn,Female,259-520-1530,Kåge,Västerbotten,934 91,Sweden
284,Dominica,Cassius,dcassius7v@sfgate.com,Bigender,620-962-3118,Umeå,Västerbotten,901 86,Sweden
783,Pierce,Hrishchenko,phrishchenkolq@scribd.com,Non-binary,913-979-4213,Umeå,Västerbotten,903 22,Sweden
114,Killie,Coviello,kcoviello35@fc2.com,Polygender,868-879-4295,Vännäs,Västerbotten,911 32,Sweden
156,Galvin,Bathurst,gbathurst4b@netvibes.com,Male,914-986-9926,Linköping,Östergötland,582 02,Sweden
510,Scottie,Bracegirdle,sbracegirdlee5@theguardian.com,Male,408-336-7788,Linköping,Östergötland,582 21,Sweden
672,Lesley,Farfalameev,lfarfalameevin@comcast.net,Male,628-827-8150,Linköping,Östergötland,584 22,Sweden
281,Taylor,Ayris,tayris7s@lulu.com,Male,679-402-9529,Linköping,Östergötland,587 24,Sweden
407,Holmes,Gonet,hgonetba@mozilla.com,Male,795-147-7610,Linköping,Östergötland,589 00,Sweden
261,Wilmar,Zanuciolii,wzanuciolii78@discuz.net,Male,935-579-0889,Motala,Östergötland,591 05,Sweden
371,Bar,Duffield,bduffieldaa@ifeng.com,Male,984-408-5121,Motala,Östergötland,591 94,Sweden
109,Paquito,Shetliff,pshetliff30@surveymonkey.com,Male,568-288-4756,Motala,Östergötland,591 99,Sweden
690,Mauricio,Maiden,mmaidenj5@economist.com,Male,134-485-3816,Vadstena,Östergötland,592 40,Sweden
785,Hurlee,Dundon,hdundonls@intel.com,Male,848-164-8776,Vadstena,Östergötland,592 40,Sweden
907,Phillipp,Simao,psimaop6@un.org,Male,462-201-0243,Mjölby,Östergötland,595 94,Sweden
801,Conrado,Allgood,callgoodm8@dot.gov,Male,387-107-0495,Norrköping,Östergötland,601 76,Sweden
367,Fletch,Buttrey,fbuttreya6@cnn.com,Male,916-144-9783,Norrköping,Östergötland,602 14,Sweden
60,Tommie,Guswell,tguswell1n@cpanel.net,Male,134-208-3219,Norrköping,Östergötland,603 52,Sweden
821,Christoper,MacTrustram,cmactrustramms@loc.gov,Male,822-615-6752,Norrköping,Östergötland,603 72,Sweden
118,Saleem,Limbrick,slimbrick39@unesco.org,Male,720-235-7599,Norrköping,Östergötland,603 86,Sweden
872,Duffie,Snoxill,dsnoxillo7@vkontakte.ru,Male,849-575-7269,Vikbolandet,Östergötland,610 25,Sweden
475,Garrick,Cash,gcashd6@constantcontact.com,Male,454-871-6133,Finspång,Östergötland,612 32,Sweden
144,Manfred,Mullard,mmullard3z@reverbnation.com,Male,426-236-4865,Kolmården,Östergötland,618 30,Sweden
294,Pauly,Nunns,pnunns85@plala.or.jp,Female,908-576-9185,Linköping,Östergötland,585 92,Sweden
638,Megan,Borborough,mborboroughhp@seattletimes.com,Female,775-190-5295,Linköping,Östergötland,585 92,Sweden
82,Damaris,Loweth,dloweth29@spotify.com,Female,732-612-2542,Linköping,Östergötland,585 97,Sweden
280,Federica,Darlasson,fdarlasson7r@weibo.com,Female,932-808-5348,Linköping,Östergötland,589 41,Sweden
167,Margaretta,Spurway,mspurway4m@rediff.com,Female,973-265-1788,Boxholm,Östergötland,590 14,Sweden
25,Glori,Harses,gharseso@fda.gov,Female,106-189-5103,Motala,Östergötland,591 71,Sweden
899,Tommie,Wilson,twilsonoy@tripadvisor.com,Female,125-902-1473,Motala,Östergötland,591 71,Sweden
221,Pierrette,Antonich,pantonich64@newyorker.com,Female,138-310-8602,Vadstena,Östergötland,592 40,Sweden
650,Bernadina,Thoumas,bthoumasi1@nbcnews.com,Female,272-827-8712,Åtvidaberg,Östergötland,597 50,Sweden
464,Kelsy,Ottewill,kottewillcv@mozilla.com,Female,679-338-0105,Ödeshög,Östergötland,599 92,Sweden
408,Kelci,Breede,kbreedebb@fc2.com,Female,759-674-4090,Norrköping,Östergötland,602 14,Sweden
69,Gill,Maiden,gmaiden1w@studiopress.com,Female,702-530-9020,Norrköping,Östergötland,602 24,Sweden
297,Kirby,Roskam,kroskam88@prlog.org,Female,832-958-9790,Norrköping,Östergötland,602 34,Sweden
128,Eyde,Suthren,esuthren3j@dailymail.co.uk,Female,297-799-2690,Norrköping,Östergötland,603 72,Sweden
910,Denys,Seelbach,dseelbachp9@springer.com,Female,541-248-9472,Norrköping,Östergötland,603 72,Sweden
857,Elwira,Jocic,ejocicns@discuz.net,Female,384-646-4826,Finspång,Östergötland,612 32,Sweden
390,Idette,Edginton,iedgintonat@dion.ne.jp,Female,205-598-2970,Finspång,Östergötland,612 37,Sweden
715,Tilly,Smedmore,tsmedmoreju@hhs.gov,Female,240-776-9379,Söderköping,Östergötland,614 31,Sweden
492,Masha,Ivell,mivelldn@whitehouse.gov,Female,304-189-5374,Valdemarsvik,Östergötland,615 95,Sweden
805,Siana,Garnul,sgarnulmc@yellowpages.com,Genderfluid,308-330-9071,Vikbolandet,Östergötland,610 25,Sweden
842,Anatol,Cosgriff,acosgriffnd@technorati.com,Genderqueer,632-961-7491,Ljungsbro,Östergötland,590 73,Sweden
535,Waylan,Woodroffe,wwoodroffeeu@furl.net,Male,613-107-0039,Ånge,Västernorrland,841 23,Sweden
870,Ferguson,Barthelme,fbarthelmeo5@sphinn.com,Male,640-468-6206,Sundsvall,Västernorrland,851 06,Sweden
415,Sheridan,Lattimer,slattimerbi@dot.gov,Male,939-706-5818,Sundsvall,Västernorrland,851 88,Sweden
754,Patty,Plampin,pplampinkx@unblog.fr,Male,214-670-8791,Sundsvall,Västernorrland,851 88,Sweden
140,Malcolm,Bootton,mbootton3v@theglobeandmail.com,Male,777-580-0051,Sundsvall,Västernorrland,852 30,Sweden
36,Grantley,Hegges,gheggesz@kickstarter.com,Male,546-834-5797,Sundsvall,Västernorrland,857 42,Sweden
877,Raff,Batteson,rbattesonoc@sphinn.com,Male,695-808-3486,Timrå,Västernorrland,861 24,Sweden
150,Farris,Landal,flandal45@oaic.gov.au,Male,727-929-2554,Härnösand,Västernorrland,871 33,Sweden
498,Flint,Ragbourne,fragbournedt@cloudflare.com,Male,723-266-6210,Härnösand,Västernorrland,871 33,Sweden
522,Keefe,Hufton,khuftoneh@amazonaws.com,Male,351-539-3920,Sollefteå,Västernorrland,881 30,Sweden
422,Humfrid,Griffen,hgriffenbp@xing.com,Male,592-677-0222,Sollefteå,Västernorrland,881 52,Sweden
686,Aharon,Woodroffe,awoodroffej1@usa.gov,Male,329-213-1095,Sollefteå,Västernorrland,881 52,Sweden
864,Elwyn,Krzyzowski,ekrzyzowskinz@spotify.com,Male,925-541-0865,Sollefteå,Västernorrland,881 52,Sweden
4,Hewett,Delves,hdelves3@umich.edu,Male,858-791-1795,Sollefteå,Västernorrland,881 86,Sweden
460,Griswold,Thomassin,gthomassincr@reuters.com,Male,300-938-5482,Sollefteå,Västernorrland,881 86,Sweden
651,Vern,Lalor,vlalori2@rakuten.co.jp,Male,850-673-2380,Örnsköldsvik,Västernorrland,891 86,Sweden
29,Horatius,Jirusek,hjiruseks@mediafire.com,Male,128-344-5028,Domsjö,Västernorrland,892 34,Sweden
330,Ernestine,Coneybeer,econeybeer95@devhub.com,Female,908-773-7306,Sundsvall,Västernorrland,851 78,Sweden
519,Cordy,Sprules,csprulesee@google.cn,Female,539-823-0315,Sundsvall,Västernorrland,851 78,Sweden
979,Gerianne,Valencia,gvalenciar6@addthis.com,Female,451-894-2027,Sundsvall,Västernorrland,851 78,Sweden
811,Lorelei,Voelker,lvoelkermi@domainmarket.com,Female,317-879-6524,Sundsvall,Västernorrland,851 83,Sweden
635,Clerissa,Halson,chalsonhm@illinois.edu,Female,406-372-5626,Sundsvall,Västernorrland,852 30,Sweden
952,Addy,Shoebotham,ashoebothamqf@dropbox.com,Female,390-210-1804,Sundsvall,Västernorrland,853 56,Sweden
366,Opaline,Thornber,othornbera5@epa.gov,Female,247-939-9120,Kramfors,Västernorrland,872 24,Sweden
455,Willow,Cassely,wcasselycm@comcast.net,Female,283-423-8623,Bollstabruk,Västernorrland,873 80,Sweden
369,Laureen,Sulter,lsultera8@linkedin.com,Female,342-276-2153,Örnsköldsvik,Västernorrland,891 25,Sweden
363,Gabriel,Pitkin,gpitkina2@usgs.gov,Female,968-918-1205,Örnsköldsvik,Västernorrland,891 41,Sweden
113,Enriqueta,Stenyng,estenyng34@mlb.com,Female,925-692-8547,Örnsköldsvik,Västernorrland,891 86,Sweden
258,Daffy,Normadell,dnormadell75@bloglovin.com,Female,353-971-2073,Domsjö,Västernorrland,892 34,Sweden
204,Penni,Farrant,pfarrant5n@com.com,Agender,168-564-4339,Sundsvall,Västernorrland,851 78,Sweden
322,Helena,Rentz,hrentz8x@gravatar.com,Bigender,317-966-6911,Sundsvall,Västernorrland,851 94,Sweden
395,Andrey,Loadman,aloadmanay@issuu.com,Male,916-222-5370,Göteborg,Västra Götaland,400 70,Sweden
992,Wells,Shilling,wshillingrj@about.me,Male,580-434-7094,Göteborg,Västra Götaland,400 70,Sweden
325,Padraig,Scholard,pscholard90@biglobe.ne.jp,Male,984-840-8303,Göteborg,Västra Götaland,400 94,Sweden
725,Maje,Staner,mstanerk4@cmu.edu,Male,320-144-8769,Göteborg,Västra Götaland,401 24,Sweden
67,Artemas,Dowey,adowey1u@ted.com,Male,636-903-7099,Göteborg,Västra Götaland,402 57,Sweden
666,Francis,Sawden,fsawdenih@upenn.edu,Male,707-998-2729,Göteborg,Västra Götaland,403 13,Sweden
147,Andre,Korneichuk,akorneichuk42@smugmug.com,Male,990-768-3933,Göteborg,Västra Götaland,404 22,Sweden
217,Ruddie,Donegan,rdonegan60@skyrock.com,Male,366-579-6163,Göteborg,Västra Götaland,405 33,Sweden
220,Jone,Questier,jquestier63@fc2.com,Male,436-407-1671,Göteborg,Västra Götaland,405 33,Sweden
662,Garrard,Barenski,gbarenskiid@lycos.com,Male,640-765-7589,Göteborg,Västra Götaland,405 33,Sweden
137,Thane,Dollman,tdollman3s@newsvine.com,Male,812-460-1322,Göteborg,Västra Götaland,411 00,Sweden
216,Alexei,Fulloway,afulloway5z@nbcnews.com,Male,130-788-6303,Göteborg,Västra Götaland,411 00,Sweden
377,Geoffry,Kalb,gkalbag@dion.ne.jp,Male,855-560-5967,Göteborg,Västra Götaland,412 79,Sweden
740,Waite,Leighton,wleightonkj@upenn.edu,Male,641-621-7556,Göteborg,Västra Götaland,413 26,Sweden
867,Tyson,Pond,tpondo2@symantec.com,Male,352-213-6872,Göteborg,Västra Götaland,413 26,Sweden
75,Eadmund,Richen,erichen22@xinhuanet.com,Male,807-736-7846,Göteborg,Västra Götaland,413 80,Sweden
279,Hartley,Cases,hcases7q@jalbum.net,Male,566-393-7233,Göteborg,Västra Götaland,413 80,Sweden
926,Levy,Cars,lcarspp@arstechnica.com,Male,107-417-7121,Göteborg,Västra Götaland,415 17,Sweden
207,Randell,Gyurko,rgyurko5q@sakura.ne.jp,Male,916-766-5966,Göteborg,Västra Götaland,416 70,Sweden
254,Sutton,Broinlich,sbroinlich71@admin.ch,Male,151-618-2577,Göteborg,Västra Götaland,416 80,Sweden
590,Ase,Girardoni,agirardonigd@who.int,Male,613-784-5375,Göteborg,Västra Götaland,416 80,Sweden
110,Meir,Farriar,mfarriar31@state.gov,Male,441-347-2509,Göteborg,Västra Götaland,417 02,Sweden
63,Shellysheldon,Abbes,sabbes1q@census.gov,Male,114-974-4404,Göteborg,Västra Götaland,417 43,Sweden
854,Hurley,Somerville,hsomervillenp@discuz.net,Male,562-655-6704,Göteborg,Västra Götaland,418 21,Sweden
528,Antone,Huebner,ahuebneren@e-recht24.de,Male,252-899-4672,Västra Frölunda,Västra Götaland,421 10,Sweden
875,Alair,Bastock,abastockoa@netscape.com,Male,730-129-1302,Västra Frölunda,Västra Götaland,421 10,Sweden
587,Johnny,Sindell,jsindellga@washingtonpost.com,Male,155-842-2014,Västra Frölunda,Västra Götaland,421 46,Sweden
491,Jacobo,Munning,jmunningdm@sbwire.com,Male,530-543-5909,Angered,Västra Götaland,424 10,Sweden
303,Elton,Smalley,esmalley8e@hexun.com,Male,580-689-8199,Hisings Kärra,Västra Götaland,425 33,Sweden
142,Mortie,Saunton,msaunton3x@tinypic.com,Male,575-235-5670,Hisings Kärra,Västra Götaland,425 38,Sweden
54,Pierson,Aveyard,paveyard1h@vimeo.com,Male,643-406-4739,Mölndal,Västra Götaland,431 66,Sweden
823,Corny,Ellsworthe,cellsworthemu@vistaprint.com,Male,262-388-9115,Partille,Västra Götaland,433 31,Sweden
316,Gerhardt,Epp,gepp8r@theguardian.com,Male,611-907-1028,Mölnlycke,Västra Götaland,435 84,Sweden
124,Geno,Dormon,gdormon3f@nasa.gov,Male,645-912-0507,Askim,Västra Götaland,436 23,Sweden
576,Paton,Clapson,pclapsonfz@people.com.cn,Male,281-376-6547,Lindome,Västra Götaland,437 92,Sweden
644,Eberhard,Kinglake,ekinglakehv@1und1.de,Male,201-744-5335,Alingsås,Västra Götaland,441 17,Sweden
731,Edgardo,Sutherel,esutherelka@howstuffworks.com,Male,873-314-0618,Alingsås,Västra Götaland,441 38,Sweden
13,Peadar,Rawood,prawoodc@github.com,Male,881-700-6694,Kungälv,Västra Götaland,442 40,Sweden
960,Drew,Ghioni,dghioniqn@gravatar.com,Male,424-280-3567,Ytterby,Västra Götaland,442 53,Sweden
332,Sonny,Friskey,sfriskey97@google.ru,Male,325-824-9427,Bohus,Västra Götaland,445 33,Sweden
871,Westleigh,Doughill,wdoughillo6@purevolume.com,Male,789-733-3314,Nol,Västra Götaland,449 43,Sweden
566,Harris,Bullard,hbullardfp@umn.edu,Male,911-916-3106,Uddevalla,Västra Götaland,451 19,Sweden
111,Claudianus,Parnby,cparnby32@cnn.com,Male,130-764-8455,Uddevalla,Västra Götaland,451 32,Sweden
683,Parnell,McConway,pmcconwayiy@netscape.com,Male,186-471-2502,Lysekil,Västra Götaland,453 22,Sweden
997,Galen,Halson,ghalsonro@addthis.com,Male,245-647-5628,Lysekil,Västra Götaland,453 22,Sweden
968,Isa,Priestman,ipriestmanqv@google.nl,Male,104-246-0178,Munkedal,Västra Götaland,455 31,Sweden
585,Hagen,Fealey,hfealeyg8@comsenz.com,Male,605-521-4117,Färgelanda,Västra Götaland,458 92,Sweden
560,Brendin,Hawick,bhawickfj@latimes.com,Male,555-800-2229,Trollhättan,Västra Götaland,461 25,Sweden
169,Carrol,Rotherham,crotherham4o@earthlink.net,Male,376-541-8148,Trollhättan,Västra Götaland,461 70,Sweden
953,Lemmie,Riach,lriachqg@miibeian.gov.cn,Male,518-566-4994,Vänersborg,Västra Götaland,462 22,Sweden
927,Mill,Hickin,mhickinpq@forbes.com,Male,361-401-6469,Vänersborg,Västra Götaland,462 73,Sweden
546,Haze,Bridson,hbridsonf5@usda.gov,Male,328-391-1845,Lilla Edet,Västra Götaland,463 30,Sweden
579,Martino,Howard,mhowardg2@free.fr,Male,681-726-9105,Grästorp,Västra Götaland,467 96,Sweden
950,Gaile,Shimuk,gshimukqd@mediafire.com,Male,728-739-1803,Grästorp,Västra Götaland,467 96,Sweden
852,Mitchael,Shiel,mshielnn@ameblo.jp,Male,826-248-1201,Vargön,Västra Götaland,468 82,Sweden
596,Barrett,Iacopo,biacopogj@booking.com,Male,250-633-8624,Borås,Västra Götaland,501 78,Sweden
288,Ariel,Kelleway,akelleway7z@tumblr.com,Male,510-435-6609,Borås,Västra Götaland,501 83,Sweden
698,Poul,Melby,pmelbyjd@lulu.com,Male,879-456-0521,Borås,Västra Götaland,503 16,Sweden
578,Quincey,Fitton,qfittong1@wikispaces.com,Male,572-554-1137,Borås,Västra Götaland,504 00,Sweden
900,Terrel,Learmouth,tlearmouthoz@privacy.gov.au,Male,362-187-7536,Borås,Västra Götaland,504 00,Sweden
270,Sigismundo,McCraine,smccraine7h@hostgator.com,Male,244-176-7416,Borås,Västra Götaland,504 50,Sweden
841,Drake,Blanning,dblanningnc@sourceforge.net,Male,391-395-5043,Borås,Västra Götaland,504 67,Sweden
954,Vernen,Strickett,vstrickettqh@msn.com,Male,332-452-1229,Borås,Västra Götaland,504 75,Sweden
687,Jessie,Tweedy,jtweedyj2@wordpress.com,Male,204-948-6753,Borås,Västra Götaland,507 10,Sweden
704,Forbes,Ommundsen,fommundsenjj@yellowbook.com,Male,656-484-6823,Borås,Västra Götaland,507 10,Sweden
652,Dalis,Robardey,drobardeyi3@home.pl,Male,257-274-3013,Svenljunga,Västra Götaland,512 24,Sweden
896,Nickolaus,Genge,ngengeov@foxnews.com,Male,318-193-8420,Horred,Västra Götaland,519 81,Sweden
943,Langsdon,Vossing,lvossingq6@omniture.com,Male,772-450-2154,Falköping,Västra Götaland,521 22,Sweden
149,Mac,Smeaton,msmeaton44@de.vu,Male,291-412-5674,Tidaholm,Västra Götaland,522 24,Sweden
199,Dex,Shurmore,dshurmore5i@sohu.com,Male,153-532-6988,Ulricehamn,Västra Götaland,523 38,Sweden
840,Howard,Vanichkin,hvanichkinnb@state.tx.us,Male,434-379-8745,Ulricehamn,Västra Götaland,523 90,Sweden
500,Gan,Tetley,gtetleydv@cbc.ca,Male,707-240-1312,Herrljunga,Västra Götaland,524 24,Sweden
677,Chrotoem,Bansal,cbansalis@dot.gov,Male,416-829-3034,Lidköping,Västra Götaland,531 17,Sweden
326,Durand,Beceril,dbeceril91@baidu.com,Male,460-470-8148,Lidköping,Västra Götaland,531 52,Sweden
533,Padgett,Alibone,palibonees@typepad.com,Male,648-777-7391,Lidköping,Västra Götaland,531 85,Sweden
308,Tam,Horsburgh,thorsburgh8j@sciencedaily.com,Male,344-570-2025,Lidköping,Västra Götaland,531 93,Sweden
317,Foss,Peeke,fpeeke8s@furl.net,Male,102-552-0014,Lidköping,Västra Götaland,531 93,Sweden
648,Joshuah,Gammet,jgammethz@dell.com,Male,897-509-7074,Götene,Västra Götaland,533 30,Sweden
148,Garold,Bohlens,gbohlens43@godaddy.com,Male,564-439-0585,Götene,Västra Götaland,533 50,Sweden
103,Aldus,Duligal,aduligal2u@ehow.com,Male,479-348-0062,Kvänum,Västra Götaland,535 91,Sweden
238,Rodney,De Laci,rdelaci6l@house.gov,Male,748-220-9147,Skövde,Västra Götaland,541 45,Sweden
663,Archy,Tottie,atottieie@craigslist.org,Male,866-355-1568,Skövde,Västra Götaland,541 70,Sweden
99,Reid,Vel,rvel2q@odnoklassniki.ru,Male,769-209-4329,Mariestad,Västra Götaland,542 33,Sweden
295,Rolland,Montier,rmontier86@t.co,Male,975-604-7446,Mariestad,Västra Götaland,542 73,Sweden
843,Christoffer,Bratley,cbratleyne@oaic.gov.au,Male,447-788-4749,Mariestad,Västra Götaland,542 73,Sweden
87,Evan,Radcliffe,eradcliffe2e@privacy.gov.au,Male,676-551-4308,Mariestad,Västra Götaland,542 87,Sweden
539,Kerk,Lavell,klavelley@yandex.ru,Male,714-877-6264,Tibro,Västra Götaland,543 35,Sweden
375,Brennan,Redwin,bredwinae@friendfeed.com,Male,643-394-0610,Töreboda,Västra Götaland,545 30,Sweden
656,Yehudi,Kibbe,ykibbei7@hibu.com,Male,861-387-1323,Töreboda,Västra Götaland,545 35,Sweden
237,Saunders,Boundley,sboundley6k@cdbaby.com,Male,670-893-0806,Hova,Västra Götaland,548 32,Sweden
601,Kendell,Josuweit,kjosuweitgo@histats.com,Male,678-278-2623,Moholm,Västra Götaland,549 06,Sweden
938,Torrence,Scramage,tscramageq1@friendfeed.com,Male,296-554-4924,Åmål,Västra Götaland,662 33,Sweden
212,Mallory,Forsdyke,mforsdyke5v@fc2.com,Male,394-148-5704,Bengtsfors,Västra Götaland,666 23,Sweden
394,Bob,Lochrie,blochrieax@timesonline.co.uk,Male,532-899-2725,Ed,Västra Götaland,668 92,Sweden
970,Chic,Othen,cothenqx@cnbc.com,Male,919-220-3232,Ed,Västra Götaland,668 92,Sweden
829,Cicely,Ruselin,cruselinn0@upenn.edu,Female,629-794-1533,Göteborg,Västra Götaland,400 15,Sweden
40,Sara,Surmeir,ssurmeir13@irs.gov,Female,407-512-0369,Göteborg,Västra Götaland,400 29,Sweden
962,Almeta,Piddlesden,apiddlesdenqp@list-manage.com,Female,249-300-3294,Göteborg,Västra Götaland,401 99,Sweden
520,Nonna,Wilcocks,nwilcocksef@cbslocal.com,Female,522-878-0453,Göteborg,Västra Götaland,402 57,Sweden
680,Pris,MacArte,pmacarteiv@hc360.com,Female,552-204-6094,Göteborg,Västra Götaland,402 57,Sweden
966,Shir,Vagges,svaggesqt@globo.com,Female,755-117-5807,Göteborg,Västra Götaland,402 57,Sweden
361,Bea,Heining,bheininga0@tripadvisor.com,Female,501-199-5238,Göteborg,Västra Götaland,403 13,Sweden
639,Ayn,Kaemena,akaemenahq@sphinn.com,Female,389-826-6810,Göteborg,Västra Götaland,404 32,Sweden
545,Ambur,Frenzel;,afrenzelf4@twitter.com,Female,755-469-4831,Göteborg,Västra Götaland,405 33,Sweden
453,Jennica,Lorenz,jlorenzck@dedecms.com,Female,438-773-5991,Göteborg,Västra Götaland,411 10,Sweden
135,Korrie,Denziloe,kdenziloe3q@friendfeed.com,Female,838-347-5675,Göteborg,Västra Götaland,411 31,Sweden
252,Caralie,Blazy,cblazy6z@telegraph.co.uk,Female,373-956-9000,Göteborg,Västra Götaland,412 79,Sweden
334,Candi,Davys,cdavys99@walmart.com,Female,748-921-0084,Göteborg,Västra Götaland,412 79,Sweden
158,Suzann,Mulqueeny,smulqueeny4d@gravatar.com,Female,429-691-8916,Göteborg,Västra Götaland,414 51,Sweden
514,Michelina,Rotherham,mrotherhame9@cisco.com,Female,230-888-9109,Göteborg,Västra Götaland,415 17,Sweden
778,Carine,Quirk,cquirkll@amazon.co.uk,Female,524-532-6023,Göteborg,Västra Götaland,415 17,Sweden
85,Jessamyn,Gonnard,jgonnard2c@ycombinator.com,Female,724-728-5563,Göteborg,Västra Götaland,416 80,Sweden
726,Gretel,Sink,gsinkk5@earthlink.net,Female,914-492-3966,Göteborg,Västra Götaland,417 17,Sweden
74,Angelika,Stiff,astiff21@yelp.com,Female,309-944-7780,Göteborg,Västra Götaland,417 43,Sweden
181,Mela,Tofpik,mtofpik50@mail.ru,Female,549-435-0879,Göteborg,Västra Götaland,417 57,Sweden
470,Julissa,Mc Gee,jmcgeed1@live.com,Female,344-191-6981,Göteborg,Västra Götaland,417 63,Sweden
318,Brita,GiacobbiniJacob,bgiacobbinijacob8t@prlog.org,Female,776-465-6314,Angered,Västra Götaland,424 31,Sweden
341,Ophelie,Chopping,ochopping9g@java.com,Female,909-551-5883,Angered,Västra Götaland,424 31,Sweden
869,Vinni,Strainge,vstraingeo4@sourceforge.net,Female,683-435-2534,Hisings Kärra,Västra Götaland,425 38,Sweden
257,Danni,MacPake,dmacpake74@tiny.cc,Female,838-669-3614,Västra Frölunda,Västra Götaland,426 71,Sweden
995,Myranda,Bollins,mbollinsrm@shinystat.com,Female,296-874-6942,Mölndal,Västra Götaland,431 87,Sweden
647,Starlene,Clerke,sclerkehy@canalblog.com,Female,158-588-5610,Partille,Västra Götaland,433 31,Sweden
986,Willamina,Whacket,wwhacketrd@bbb.org,Female,879-735-1689,Mölnlycke,Västra Götaland,435 84,Sweden
928,Cristina,Chipping,cchippingpr@rakuten.co.jp,Female,393-405-2833,Askim,Västra Götaland,436 23,Sweden
607,Nessie,Barham,nbarhamgu@1688.com,Female,118-902-7780,Hovås,Västra Götaland,436 54,Sweden
974,Joeann,Skelcher,jskelcherr1@bluehost.com,Female,165-843-2498,Lindome,Västra Götaland,437 36,Sweden
267,Vilma,Sapir,vsapir7e@is.gd,Female,191-845-5832,Kungälv,Västra Götaland,442 12,Sweden
599,Franciska,Diego,fdiegogm@adobe.com,Female,936-298-0353,Gråbo,Västra Götaland,443 14,Sweden
255,Ilka,Tippler,itippler72@unesco.org,Female,933-951-4587,Stenungsund,Västra Götaland,444 32,Sweden
12,Misty,Josham,mjoshamb@freewebs.com,Female,769-895-5532,Älvängen,Västra Götaland,446 38,Sweden
958,Mikaela,Rowesby,mrowesbyql@timesonline.co.uk,Female,505-836-7941,Älvängen,Västra Götaland,446 38,Sweden
105,Rory,Batisse,rbatisse2w@wunderground.com,Female,480-111-5322,Nol,Västra Götaland,449 43,Sweden
185,Savina,Rupp,srupp54@histats.com,Female,904-601-0860,Uddevalla,Västra Götaland,451 61,Sweden
712,Catlin,Chasen,cchasenjr@fda.gov,Female,910-444-5485,Uddevalla,Västra Götaland,451 95,Sweden
454,Mela,Lindenbluth,mlindenbluthcl@harvard.edu,Female,963-987-3975,Ljungskile,Västra Götaland,459 30,Sweden
705,Shandeigh,Hatt,shattjk@moonfruit.com,Female,158-848-1920,Ljungskile,Västra Götaland,459 30,Sweden
154,Becki,McShea,bmcshea49@csmonitor.com,Female,853-102-6473,Trollhättan,Västra Götaland,461 25,Sweden
227,Katheryn,Ridsdell,kridsdell6a@who.int,Female,739-333-5782,Trollhättan,Västra Götaland,461 25,Sweden
381,Korry,Dawton,kdawtonak@fotki.com,Female,467-841-4061,Trollhättan,Västra Götaland,461 37,Sweden
745,Nonie,Studdert,nstuddertko@dailymail.co.uk,Female,679-520-8281,Trollhättan,Västra Götaland,461 58,Sweden
826,Jenni,MacKean,jmackeanmx@google.com,Female,428-216-6773,Trollhättan,Västra Götaland,461 58,Sweden
426,Saundra,Dorbon,sdorbonbt@webeden.co.uk,Female,463-722-0098,Trollhättan,Västra Götaland,461 91,Sweden
48,Malinda,Timewell,mtimewell1b@cbslocal.com,Female,942-287-8864,Vänersborg,Västra Götaland,462 42,Sweden
889,Shaylynn,Cesaric,scesaricoo@blog.com,Female,664-102-3335,Vänersborg,Västra Götaland,462 87,Sweden
504,Lily,Biasi,lbiasidz@cbc.ca,Female,839-470-2226,Skärhamn,Västra Götaland,471 31,Sweden
669,Hesther,Lackney,hlackneyik@angelfire.com,Female,473-679-7370,Ellös,Västra Götaland,474 31,Sweden
733,Laural,Masarrat,lmasarratkc@wunderground.com,Female,239-114-2771,Borås,Västra Götaland,503 06,Sweden
94,Stacey,Gudgin,sgudgin2l@amazon.de,Female,615-464-6380,Borås,Västra Götaland,504 31,Sweden
305,Arlee,Latchmore,alatchmore8g@nba.com,Female,644-917-0919,Borås,Västra Götaland,504 31,Sweden
503,Arleen,de Courcy,adecourcydy@hp.com,Female,649-474-1441,Borås,Västra Götaland,504 67,Sweden
930,Simonne,Guillard,sguillardpt@gnu.org,Female,820-841-6781,Borås,Västra Götaland,504 75,Sweden
437,Robyn,Eat,reatc4@reference.com,Female,774-565-5660,Borås,Västra Götaland,507 52,Sweden
141,Tammara,Hounsome,thounsome3w@unblog.fr,Female,715-772-2617,Svenljunga,Västra Götaland,512 93,Sweden
244,Ardisj,Gabriely,agabriely6r@prweb.com,Female,528-584-8660,Limmared,Västra Götaland,514 42,Sweden
799,Pammie,Blakden,pblakdenm6@t-online.de,Female,162-498-3428,Horred,Västra Götaland,519 81,Sweden
772,Cinderella,Di Francecshi,cdifrancecshilf@mapquest.com,Female,362-447-0429,Lidköping,Västra Götaland,531 85,Sweden
34,Devondra,McKernon,dmckernonx@rambler.ru,Female,991-804-5505,Lidköping,Västra Götaland,531 93,Sweden
53,Storm,Flahy,sflahy1g@apple.com,Female,966-502-5084,Lidköping,Västra Götaland,531 93,Sweden
602,Jilli,Braun,jbraungp@toplist.cz,Female,188-391-6575,Götene,Västra Götaland,533 50,Sweden
506,Caro,Goodbur,cgoodbure1@noaa.gov,Female,453-486-9909,Skövde,Västra Götaland,541 33,Sweden
581,Laraine,Lared,llaredg4@unicef.org,Female,177-446-1862,Skövde,Västra Götaland,541 33,Sweden
678,Lana,Mizen,lmizenit@epa.gov,Female,531-418-0064,Mariestad,Västra Götaland,542 23,Sweden
881,Prue,Goodby,pgoodbyog@nsw.gov.au,Female,192-663-4855,Mariestad,Västra Götaland,542 33,Sweden
544,Brandie,Fotherby,bfotherbyf3@illinois.edu,Female,513-306-2969,Hova,Västra Götaland,548 32,Sweden
343,Emmeline,Govini,egovini9i@ftc.gov,Female,598-544-5554,Åmål,Västra Götaland,662 24,Sweden
883,Joeann,Danilovic,jdanilovicoi@a8.net,Female,735-541-9021,Åmål,Västra Götaland,662 33,Sweden
313,Vida,Garling,vgarling8o@arstechnica.com,Female,255-162-9356,Bengtsfors,Västra Götaland,666 23,Sweden
495,Josi,Steggles,jstegglesdq@cam.ac.uk,Female,538-945-8861,Ed,Västra Götaland,668 92,Sweden
9,Roselle,Melledy,rmelledy8@ed.gov,Bigender,916-897-3020,Ytterby,Västra Götaland,442 53,Sweden
947,Peggi,Lynch,plynchqa@tripod.com,Bigender,301-543-2732,Dalsjöfors,Västra Götaland,516 31,Sweden
588,Zonda,Stangroom,zstangroomgb@squarespace.com,Bigender,171-546-5236,Åmål,Västra Götaland,662 24,Sweden
443,Amery,McCaughey,amccaugheyca@plala.or.jp,Non-binary,390-309-0832,Lysekil,Västra Götaland,453 41,Sweden
298,Francyne,Agostini,fagostini89@prnewswire.com,Non-binary,392-371-9232,Borås,Västra Götaland,501 78,Sweden
945,Ax,Goulbourn,agoulbournq8@who.int,Polygender,324-170-1542,Göteborg,Västra Götaland,412 86,Sweden
125,Marcus,Stit,mstit3g@github.io,Polygender,899-905-9561,Angered,Västra Götaland,424 10,Sweden
205,Breena,Tappin,btappin5o@fda.gov,Polygender,156-472-6811,Västra Frölunda,Västra Götaland,426 57,Sweden
182,Kelsy,Astall,kastall51@diigo.com,Polygender,219-657-3739,Billdal,Västra Götaland,427 35,Sweden
623,Caro,McKeggie,cmckeggieha@cyberchimps.com,Polygender,715-897-3755,Uddevalla,Västra Götaland,451 95,Sweden
91,Gun,Allabush,gallabush2i@tamu.edu,Polygender,167-176-6966,Borås,Västra Götaland,504 67,Sweden
499,Rosalia,Longmore,rlongmoredu@goo.gl,Genderfluid,504-460-6589,Göteborg,Västra Götaland,414 51,Sweden
357,Monah,Keeping,mkeeping9w@topsy.com,Genderfluid,646-534-8767,Vårgårda,Västra Götaland,447 93,Sweden
385,Karee,Ison,kisonao@wikipedia.org,Genderfluid,824-323-5991,Horred,Västra Götaland,519 81,Sweden
242,Kathy,Gynni,kgynni6p@forbes.com,Genderfluid,332-333-6073,Skövde,Västra Götaland,541 33,Sweden
912,Wilmer,Feuell,wfeuellpb@bloglines.com,Genderfluid,298-256-3153,Skövde,Västra Götaland,541 70,Sweden
812,Cybill,Pacher,cpachermj@aboutads.info,Genderqueer,349-295-5234,Göteborg,Västra Götaland,401 24,Sweden
523,Hadrian,Ausher,hausherei@ted.com,Genderqueer,362-635-4698,Göteborg,Västra Götaland,402 25,Sweden
1,Faina,Cardall,fcardall0@seattletimes.com,Genderqueer,502-175-2401,Uddevalla,Västra Götaland,451 95,Sweden
526,Olenka,Gillum,ogillumel@who.int,Genderqueer,894-118-2170,Lidköping,Västra Götaland,531 17,Sweden
120,Alphonse,Wase,awase3b@miitbeian.gov.cn,Male,863-908-3691,Carlton,England,DL8,United Kingdom
277,Andreas,Wilby,awilby7o@oaic.gov.au,Male,997-704-5758,Carlton,England,DL8,United Kingdom
1000,Benjy,Spears,bspearsrr@e-recht24.de,Male,781-699-9560,Liverpool,England,L33,United Kingdom
474,Ulysses,Reichhardt,ureichhardtd5@virginia.edu,Male,199-706-1626,Liverpool,England,L74,United Kingdom
427,Brad,Philipet,bphilipetbu@is.gd,Male,170-482-7350,Halton,England,LS9,United Kingdom
127,Bradford,Betteney,bbetteney3i@tinypic.com,Male,706-777-9944,Wootton,England,NN4,United Kingdom
229,Irvine,Coggon,icoggon6c@ameblo.jp,Male,929-561-7391,Preston,England,PR1,United Kingdom
671,Sanford,Swate,sswateim@feedburner.com,Male,697-997-9734,Preston,England,PR1,United Kingdom
915,Bondie,Divisek,bdivisekpe@chronoengine.com,Male,322-716-8729,Preston,England,PR1,United Kingdom
196,Isac,Lippini,ilippini5f@amazon.de,Male,977-952-9972,London,England,W1F,United Kingdom
239,Balduin,Stuffins,bstuffins6m@guardian.co.uk,Male,598-913-7074,Upton,England,WF9,United Kingdom
825,Hirsch,Gildersleeve,hgildersleevemw@cisco.com,Male,332-672-5551,Linton,England,BD23,United Kingdom
797,Hurleigh,Stigell,hstigellm4@ow.ly,Male,947-519-2831,Horton,England,BS37,United Kingdom
445,Aldrich,Otson,aotsoncc@zimbio.com,Male,714-230-5132,Ford,England,GL54,United Kingdom
524,Graehme,Lenormand,glenormandej@opera.com,Male,711-565-6929,Ford,England,GL54,United Kingdom
856,Stacy,Ramalho,sramalhonr@ucsd.edu,Male,481-551-5139,Normanton,England,LE15,United Kingdom
338,Domenic,Stoney,dstoney9d@digg.com,Male,236-261-3722,Newbiggin,England,NE46,United Kingdom
346,Minor,Magor,mmagor9l@independent.co.uk,Male,875-230-2515,Newbiggin,England,NE46,United Kingdom
143,Sayres,Simeons,ssimeons3y@globo.com,Male,296-565-7112,Milton,England,NG22,United Kingdom
208,Elisha,Trank,etrank5r@senate.gov,Male,459-364-0889,Brampton,England,NR34,United Kingdom
457,Ingemar,Mourant,imourantco@nba.com,Male,596-764-6725,Charlton,England,OX12,United Kingdom
769,Galen,Tayspell,gtayspelllc@ihg.com,Male,996-982-4587,Newtown,England,RG20,United Kingdom
626,Sidney,Adkin,sadkinhd@smh.com.au,Male,978-554-0493,London,England,SW1E,United Kingdom
633,Nita,Sate,nsatehk@china.com.cn,Female,458-164-1427,Bradford,England,BD7,United Kingdom
905,Erda,Finnigan,efinniganp4@hud.gov,Female,232-985-1464,Bradford,England,BD7,United Kingdom
434,Domini,Signorelli,dsignorellic1@feedburner.com,Female,205-534-1003,Church End,England,CB4,United Kingdom
557,Roselia,Grimbleby,rgrimblebyfg@booking.com,Female,566-827-7196,Liverpool,England,L33,United Kingdom
62,Amanda,Noonan,anoonan1p@statcounter.com,Female,131-458-2729,Leeds,England,LS6,United Kingdom
951,Ursa,Ickowics,uickowicsqe@nymag.com,Female,196-626-8341,Halton,England,LS9,United Kingdom
888,Willyt,Denkel,wdenkelon@usatoday.com,Female,309-862-4648,Wootton,England,NN4,United Kingdom
37,Nerita,Scamadine,nscamadine10@fema.gov,Female,649-337-9936,Sutton,England,RH5,United Kingdom
461,Darsie,Lanphier,dlanphiercs@usa.gov,Female,274-741-5753,Sutton,England,RH5,United Kingdom
83,Alane,Emson,aemson2a@printfriendly.com,Female,351-992-8281,Sheffield,England,S33,United Kingdom
620,Lethia,Stichall,lstichallh7@networksolutions.com,Female,663-258-1100,Langley,England,SG4,United Kingdom
776,Jeane,Oris,jorislj@archive.org,Female,504-709-4997,East End,England,BH21,United Kingdom
192,Candice,Gobeau,cgobeau5b@phpbb.com,Female,889-350-1988,Whitchurch,England,BS14,United Kingdom
249,Renie,Chat,rchat6w@reddit.com,Female,563-366-8719,Hatton,England,CV35,United Kingdom
685,Clare,Vannuccinii,cvannucciniij0@tmall.com,Female,154-888-2089,West End,England,DN36,United Kingdom
784,Adriana,Kitcatt,akitcattlr@epa.gov,Female,428-498-1504,Weston,England,GU32,United Kingdom
468,Layla,Slaymaker,lslaymakercz@angelfire.com,Female,981-339-2514,Normanton,England,LE15,United Kingdom
609,Jonie,Lambourn,jlambourngw@zimbio.com,Female,268-445-6096,Brampton,England,NR34,United Kingdom
741,Karlie,Riddel,kriddelkk@google.com,Female,243-215-3088,Brampton,England,NR34,United Kingdom
684,Merle,Filippyev,mfilippyeviz@ed.gov,Female,867-443-5303,Newtown,England,RG20,United Kingdom
16,Rhianna,Gorman,rgormanf@imageshack.us,Female,933-557-6414,Merton,England,SW19,United Kingdom
373,Sisile,Dorricott,sdorricottac@behance.net,Female,621-109-7043,Merton,England,SW19,United Kingdom
612,Osmund,Charter,ochartergz@fotki.com,Agender,772-159-4282,Merton,England,SW19,United Kingdom
982,Erny,Blackbourn,eblackbournr9@abc.net.au,Polygender,876-633-1637,London,England,W1F,United Kingdom
989,Hayyim,Brouncker,hbrounckerrg@google.com.br,Polygender,572-174-2046,West End,England,DN36,United Kingdom
763,Morlee,Wardington,mwardingtonl6@facebook.com,Genderqueer,967-505-8044,Newbiggin,England,NE46,United Kingdom
764,Rudd,Lenox,rlenoxl7@fotki.com,Male,209-483-3486,Newton,Scotland,IV1,United Kingdom
168,Moritz,Pakes,mpakes4n@elegantthemes.com,Male,918-748-1062,Milton,Scotland,AB56,United Kingdom
274,Francoise,Halgarth,fhalgarth7l@tripadvisor.com,Female,956-135-5125,Edinburgh,Scotland,EH9,United Kingdom
191,Emmalee,Aronoff,earonoff5a@cornell.edu,Female,893-184-7334,Newton,Scotland,IV1,United Kingdom
714,Maxy,Krout,mkroutjt@clickbank.net,Female,459-237-3367,Aberdeen,Scotland,AB39,United Kingdom
162,Paulita,Benjamin,pbenjamin4h@1688.com,Female,338-103-3505,Tullich,Scotland,AB55,United Kingdom
365,Livvie,Brickner,lbricknera4@gizmodo.com,Female,162-345-4124,Tullich,Scotland,AB55,United Kingdom
360,Perkin,Klass,pklass9z@cbslocal.com,Male,593-540-5819,Belfast,Northern Ireland,BT2,United Kingdom
830,Delmore,Whitwam,dwhitwamn1@unblog.fr,Male,110-314-1848,Craigavon,Northern Ireland,BT66,United Kingdom
583,Sibbie,Tucker,stuckerg6@hao123.com,Female,972-970-6496,Craigavon,Northern Ireland,BT66,United Kingdom