employee_id,first_name,last_name,email,position,hire_date,store_name,store_address,store_city,store_state,store_zip_code,store_phone_number
175,Araldo,Trigg,atrigg4u@odnoklassniki.ru,Actuary,2018-10-28,Tambee,80 Wayridge Junction,Borzechów,,24-224,528-132-1479
82,Adi,Beckers,abeckers29@disqus.com,Teacher,2013-06-09,Zazio,63403 Manufacturers Plaza,Tlogosari,,,898-988-8940
113,Marena,Ollivier,mollivier34@apache.org,Teacher,2006-01-03,Lajo,157 Blaine Court,Siluko,,,288-834-5415
104,Aggie,Gillise,agillise2v@paginegialle.it,Operator,2006-02-09,Zoomcast,7 Mallard Crossing,Ushi,,,491-718-6409
121,Inessa,Le Guin,ileguin3c@java.com,Operator,2020-09-13,Blognation,445 Brentwood Crossing,Kilinochchi,,22034,507-444-3972
135,Gare,Denidge,gdenidge3q@msn.com,Operator,2005-06-11,Blogspan,43046 Drewry Hill,Bacheng,,,478-384-6226
34,Jackie,Kittle,jkittlex@tumblr.com,VP Sales,2008-01-09,Leexo,737 Artisan Road,Zainsk,,423524,297-395-3503
49,Stanfield,Luckin,sluckin1c@goo.ne.jp,VP Sales,2004-01-15,Realcube,5180 Hoepker Alley,Napnapan,,5021,731-458-4586
81,Arabela,Commings,acommings28@census.gov,Librarian,2003-02-16,Feedspan,7240 Evergreen Avenue,Sumberejo,,,676-306-9881
134,Mavis,Mablestone,mmablestone3p@ox.ac.uk,Librarian,2015-03-25,Divavu,096 Grover Avenue,Yangzhong,,,801-508-6977
41,Selinda,Hayton,shayton14@seesaa.net,Paralegal,2005-07-05,Tagfeed,2767 Thierer Parkway,Gala,,,343-764-7613
130,Shadow,Donaher,sdonaher3l@woothemes.com,Paralegal,2004-06-17,Youtags,10 Drewry Way,Qitao,,,797-656-5016
129,Kristina,Zorzoni,kzorzoni3k@paginegialle.it,Professor,2010-12-30,Skippad,2 2nd Road,Křížová,,794 01,706-431-1937
184,Torrence,Alywen,talywen53@w3.org,Professor,2017-07-18,Zoombox,865 Novick Hill,Melati,,,201-783-3577
83,Cristionna,Siderfin,csiderfin2a@weibo.com,Recruiter,2002-08-05,Babbleblab,52963 Schmedeman Circle,Ādam,,,160-222-1217
19,Candice,Gorhardt,cgorhardti@marriott.com,Pharmacist,2006-06-18,Thoughtworks,3104 John Wall Road,Choa Saidān Shāh,,53401,776-575-0631
181,Husein,Donisthorpe,hdonisthorpe50@ameblo.jp,Pharmacist,2002-03-06,Photofeed,43248 American Ash Pass,Yingchun,,,199-741-7369
26,Llywellyn,Blyden,lblydenp@huffingtonpost.com,Engineer II,2008-09-19,Fivebridge,7333 Morning Point,Phú Túc,,,498-894-7908
13,Weidar,Skipsey,wskipseyc@utexas.edu,Developer II,2017-01-11,Vitz,08 5th Crossing,Baiheshan,,,729-527-0849
22,Norris,Embleton,nembletonl@cargocollective.com,Developer II,2009-04-11,Chatterpoint,36 Anderson Hill,Gengzhuang,,,376-975-5442
14,Frank,Moncey,fmonceyd@ed.gov,Engineer III,2011-11-06,Topicblab,36435 Butterfield Park,Phú Thái,,,710-877-0653
120,Germana,Darch,gdarch3b@discuz.net,Geologist IV,2003-01-19,Topdrive,673 Oak Point,Xiaozhen,,,640-784-9485
114,Sile,Putman,sputman35@mlb.com,VP Marketing,2018-05-10,Voomm,7940 Portage Parkway,Tateyama,,999-6732,548-512-5269
140,Sharia,Fantone,sfantone3v@pinterest.com,VP Marketing,2021-07-30,Skyba,145 Service Circle,Kuangyuan,,,914-345-3923
189,Sacha,Bister,sbister58@shop-pro.jp,Accountant IV,2008-06-15,Skyvu,838 Vermont Place,Yajiwa,,,301-793-1362
62,Meghann,Svanetti,msvanetti1p@topsy.com,Geologist III,2010-02-24,Thoughtbeat,256 Macpherson Circle,Leijiadian,,,774-718-8458
45,Alyssa,Roeby,aroeby18@squidoo.com,Social Worker,2003-10-22,Youtags,862 Paget Circle,Donskoy,,347735,274-732-3542
157,Rivkah,Whitbread,rwhitbread4c@privacy.gov.au,Social Worker,2020-01-10,Yakijo,2281 Dryden Terrace,Kupang,,,733-701-2592
94,Brigida,Warcop,bwarcop2l@google.com.au,Accountant III,2004-05-04,Twinte,38403 Corben Parkway,Shorapani,,,407-416-6143
32,Cammy,Minghella,cminghellav@samsung.com,Civil Engineer,2017-05-18,Skiptube,37634 Anthes Place,Kaleybar,,,253-693-2170
40,Jamey,Broadis,jbroadis13@spiegel.de,Civil Engineer,2013-04-14,Ntags,4677 Pearson Alley,Banbalah,,,699-702-7651
58,Neala,Hurll,nhurll1l@shareasale.com,Civil Engineer,2000-01-07,Jaxworks,3 Grover Crossing,Burgastai,,,477-549-1138
31,Iolanthe,Nickerson,inickersonu@cisco.com,Research Nurse,2018-12-06,Mybuzz,4433 Gulseth Alley,Bali,,,644-792-1234
65,Halli,Draxford,hdraxford1s@wikispaces.com,Research Nurse,2012-11-27,Shuffletag,337 Charing Cross Place,Takaka,,7142,374-704-2596
69,Sigvard,Amburgy,samburgy1w@tripadvisor.com,Research Nurse,2017-08-24,Meetz,23582 Bayside Parkway,Cilimus Kulon,,,193-775-3242
95,Cherianne,McCorry,cmccorry2m@tiny.cc,Research Nurse,2008-10-14,Voolia,874 Norway Maple Avenue,Toutai,,,800-263-8258
122,Ursala,Chaplin,uchaplin3d@yelp.com,Research Nurse,2021-08-06,Youbridge,931 Commercial Center,Xiangtang,,,221-950-7408
23,Vanya,Garthshore,vgarthshorem@drupal.org,Tax Accountant,2009-03-03,Quinu,244 Michigan Junction,Sumanding,,,872-131-9016
138,Michelle,Hearns,mhearns3t@sciencedaily.com,Web Designer I,2008-08-07,Oyoba,95720 Cody Circle,Gorna Oryakhovitsa,,5145,332-947-5430
77,Elsbeth,MacMorland,emacmorland24@squidoo.com,Design Engineer,2021-01-27,Vidoo,32 Carpenter Street,Buaran,,,403-306-3263
80,Cecilius,Palatini,cpalatini27@eepurl.com,Design Engineer,2021-04-26,Rhynyx,82185 Memorial Park,Machinda,,,175-456-2718
199,Kelcy,Dalgarno,kdalgarno5i@businessweek.com,Design Engineer,2002-10-01,Miboo,3 Comanche Hill,Gubskaya,,352552,127-307-3879
6,Carol-jean,Ackenhead,cackenhead5@amazonaws.com,Legal Assistant,2010-08-20,Leexo,7879 Duke Crossing,Shaliu,,,274-949-7782
46,Fonsie,Btham,fbtham19@netvibes.com,Legal Assistant,2002-09-27,DabZ,30092 Kedzie Avenue,Qarah Bāgh Bāzār,,,441-600-6012
103,Celestyn,McIntosh,cmcintosh2u@list-manage.com,Project Manager,2006-02-01,Jabbersphere,987 Harper Circle,Rumburk,,407 53,255-283-7036
144,Jake,Ramel,jramel3z@timesonline.co.uk,Project Manager,2021-11-01,Tagopia,4 Bartillon Junction,Beloostrov,,238323,408-178-5664
163,Liam,Goulborn,lgoulborn4i@github.io,Project Manager,2011-10-08,Topiczoom,5 Farragut Parkway,Ganzi,,,602-443-9213
74,Gaylord,Vittle,gvittle21@weibo.com,Statistician II,2006-06-01,Devify,763 Beilfuss Street,Maasin,,6600,634-397-3965
71,Lonnie,Petrosian,lpetrosian1y@delicious.com,Web Designer II,2019-10-11,Yacero,42 Lakewood Gardens Pass,Amphoe Sikhiu,,30140,540-677-2044
18,Nathanial,Vaadeland,nvaadelandh@reference.com,Web Developer I,2019-09-20,Kayveo,6 Northport Place,Patía,,195509,341-526-6305
86,Zechariah,Gamett,zgamett2d@huffingtonpost.com,Dental Hygienist,2008-09-09,Twitterbridge,138 Kingsford Street,Grati Satu,,,558-749-7251
161,Margalo,McKennan,mmckennan4g@kickstarter.com,Dental Hygienist,2008-12-21,Jaxworks,4155 Tennessee Drive,Pravdinsk,,238402,469-555-7220
64,Claus,Terrazzo,cterrazzo1r@zimbio.com,Graphic Designer,2005-06-14,Zoonder,8688 Milwaukee Place,Kāleke Mandi,,52150,398-455-0437
126,Steffi,Phizacklea,sphizacklea3h@usgs.gov,Graphic Designer,2020-09-11,Centimia,81999 Pankratz Street,Zhongtang,,,181-137-5877
143,Bernette,McCrachen,bmccrachen3y@tiny.cc,Graphic Designer,2007-11-24,Gabtune,7673 International Crossing,Youlongchuan,,,413-446-4001
148,Sergio,Caltera,scaltera43@state.tx.us,Graphic Designer,2005-03-19,Zoonder,4 East Hill,Ubinskoye,,632520,280-372-1163
89,Mariquilla,Ralphs,mralphs2g@gnu.org,Product Engineer,2011-10-19,Skajo,69495 Glendale Hill,Tlogosari,,,431-507-0616
165,Kennith,Malam,kmalam4k@hud.gov,Product Engineer,2018-12-14,Tagopia,53396 Lakewood Way,Olyka,,,309-345-1807
20,Junia,Harverson,jharversonj@mit.edu,Quality Engineer,2016-04-27,Dabjam,613 West Point,Bayan,,,299-385-4123
137,Terza,Dykes,tdykes3s@cargocollective.com,Senior Developer,2007-07-24,Jabberstorm,4154 Stephen Alley,Villa Nueva,,5903,445-105-0204
90,Ileane,Fealey,ifealey2h@dailymail.co.uk,Technical Writer,2010-04-23,Blogspan,887 Heffernan Way,Shuimen,,,615-747-3142
149,Alisha,Leftwich,aleftwich44@imgur.com,Technical Writer,2021-12-14,Rhycero,1919 Crowley Junction,Katuli,,4212,219-427-7081
186,Billye,Couttes,bcouttes55@nymag.com,Technical Writer,2000-06-26,Yakidoo,4286 Moose Way,Lojejerkrajan,,,467-945-3754
172,Pamela,Jannings,pjannings4r@cocolog-nifty.com,Account Executive,2003-07-19,Geba,3 New Castle Court,Fuzhiping,,,364-393-7352
106,Stanley,Dartnell,sdartnell2x@wired.com,Assistant Manager,2011-06-26,Meezzy,1 Texas Hill,Hua Hin,,77110,702-610-9401
167,Berny,Hammell,bhammell4m@bloomberg.com,Assistant Manager,2009-01-12,Leenti,1296 Hooker Street,Mungging,,,717-171-1354
107,Theodore,Haig,thaig2y@jimdo.com,Biostatistician I,2000-04-19,Shuffletag,2 Killdeer Drive,Colonia Wanda,,3376,185-102-7790
91,Gunther,Rourke,grourke2i@bing.com,Chemical Engineer,2017-01-08,Feedbug,88 Toban Alley,Vlasenica,,,633-386-9929
99,Amalea,Farney,afarney2q@bravesites.com,Chemical Engineer,2013-11-11,Tagtune,37 Garrison Drive,Šabac,,,573-274-6059
101,Kori,Pirrie,kpirrie2s@wix.com,Chemical Engineer,2014-10-20,Flashspan,1989 Ronald Regan Center,Damnoen Saduak,,70130,551-914-9065
191,Talya,Imos,timos5a@foxnews.com,Chemical Engineer,2009-01-14,Quimm,5 Lake View Parkway,Ścinawa,,59-330,234-748-8429
192,Grata,Bassano,gbassano5b@angelfire.com,Chemical Engineer,2010-09-21,Feednation,22188 Village Green Trail,Krajan Pangkah Kulon,,,750-514-9849
128,Ardene,Flemming,aflemming3j@biglobe.ne.jp,Director of Sales,2008-08-06,Youspan,011 Walton Hill,Ayamaru,,,579-807-9159
174,Addi,Rhelton,arhelton4t@histats.com,Director of Sales,2011-03-06,InnoZ,44735 Sugar Center,Chunoyar,,663459,267-460-5224
117,Paxton,Combe,pcombe38@va.gov,Financial Advisor,2014-08-29,Topicblab,04732 Vahlen Road,Akita,,480-0132,102-837-5708
162,Tisha,Dallemore,tdallemore4h@1688.com,Financial Advisor,2003-05-22,Brightbean,00 Orin Court,Hassi Berkane,,,304-392-6968
169,Patrizia,Eilhermann,peilhermann4o@economist.com,Financial Advisor,2017-01-09,Zoomzone,467 Cambridge Terrace,Santa Ana,,,231-524-6354
36,Davy,Tirone,dtironez@bloglines.com,Financial Analyst,2017-10-15,Lazz,45 Gale Parkway,Bakhmach,,,396-811-8166
187,Tammy,Knewstubb,tknewstubb56@typepad.com,Financial Analyst,2010-03-21,Twinte,52 Warrior Trail,Nong Khaem,,10160,310-224-1700
38,Wendi,Scotson,wscotson11@unblog.fr,Marketing Manager,2010-10-25,Tanoodle,7473 Green Ridge Park,Tegarenkrajan,,,578-908-8753
196,Willi,Roland,wroland5f@economist.com,Marketing Manager,2001-02-04,Zooxo,6457 Upham Point,Aoluguya Ewenke Minzu,,,815-855-7499
194,Demetri,Rushman,drushman5d@berkeley.edu,Analyst Programmer,2002-09-17,Skinder,58 Old Shore Alley,Yixin,,,963-669-1624
98,Simon,Traill,straill2p@opera.com,Environmental Tech,2021-06-09,Roombo,6793 Mosinee Court,Phước An,,,550-115-5826
179,Aaren,Latey,alatey4y@cnet.com,Recruiting Manager,2018-01-15,Buzzdog,1995 Warner Plaza,Voyskovitsy,,188360,616-179-9872
198,Courtenay,Mardlin,cmardlin5h@arizona.edu,Recruiting Manager,2009-12-02,Skinte,8 Homewood Alley,Богданци,,1488,877-972-7644
136,Vinnie,M'Quharg,vmquharg3r@ucoz.ru,Research Associate,2004-05-14,Omba,6 Thackeray Crossing,Margarita,,133028,614-888-1066
16,Ancell,Gammel,agammelf@marriott.com,VP Quality Control,2003-05-03,Pixonyx,44219 Westerfield Way,Xuedian,,,878-513-7719
115,Patrizio,Wolfendale,pwolfendale36@skyrock.com,Assistant Professor,2018-03-22,Brightdog,88050 8th Way,Mopti,,,397-900-9690
2,Elaina,Scholz,escholz1@histats.com,Associate Professor,2003-10-18,Vinte,064 Fremont Center,Kamiiso,,501-0531,720-796-5936
152,Merry,MacGowing,mmacgowing47@nbcnews.com,Associate Professor,2014-12-21,Eayo,63 Clemons Park,Nanmu,,,809-522-9772
68,Bekki,Grzeszczak,bgrzeszczak1v@jalbum.net,Clinical Specialist,2003-09-12,Meeveo,4022 Iowa Point,Wŏnju,,,968-373-7075
182,Adeline,Thornebarrow,athornebarrow51@howstuffworks.com,Clinical Specialist,2021-06-17,Voolith,36393 Moland Parkway,Nova Pazova,,,836-697-7565
5,Claudian,Heddan,cheddan4@fastcompany.com,Electrical Engineer,2008-02-04,Zoombeat,5368 Loeprich Way,Huangcaotuo,,,509-639-0382
111,Hayward,Tatterton,htatterton32@psu.edu,Executive Secretary,2009-12-06,Browsezoom,7 Bunker Hill Parkway,Ágios Efstrátios,,,627-721-6639
102,Diann,Cowing,dcowing2t@timesonline.co.uk,Geological Engineer,2021-05-24,Meedoo,93343 Lake View Park,Misau,,,567-540-2761
132,Clemente,Northrop,cnorthrop3n@bing.com,Geological Engineer,2003-03-06,Tagfeed,77748 Westridge Crossing,Shuren,,,963-110-4907
75,Sheelagh,Alp,salp22@examiner.com,Software Consultant,2007-06-18,Centizu,5172 Kim Trail,Kratié,,,978-417-2803
100,Piotr,Cattlow,pcattlow2r@ucsd.edu,Software Consultant,2005-12-24,Dablist,72144 Myrtle Alley,Zhengchang,,,365-558-1988
97,Therese,Castiglioni,tcastiglioni2o@histats.com,Software Engineer I,2014-06-23,Edgetag,72906 Fuller Plaza,Waina,,,642-368-5192
37,Christa,Winkett,cwinkett10@squarespace.com,Structural Engineer,2017-10-08,Tagfeed,65 Rusk Road,Hongqi,,,712-987-7543
116,Kelila,Lagde,klagde37@pbs.org,Structural Engineer,2017-06-08,Rhyloo,26965 Magdeline Trail,Rokitno Szlacheckie,,42-454,946-556-2116
156,Meggy,Capp,mcapp4b@foxnews.com,Structural Engineer,2005-11-28,Photobean,91652 Green Ridge Hill,Thanh Chương,,,359-735-4591
158,Helyn,Duckerin,hduckerin4d@ucsd.edu,Help Desk Technician,2018-05-17,Eidel,2 Haas Pass,Sylhet,,3109,869-865-4660
190,Madelene,Vassay,mvassay59@istockphoto.com,Programmer Analyst I,2014-12-08,Geba,43621 Spenser Crossing,Heshe,,,527-244-7708
123,Deirdre,Kingdom,dkingdom3e@soup.io,Safety Technician IV,2001-03-10,Youspan,592 Barby Crossing,Akademicheskoe,,690880,571-245-9237
11,Astrix,Barde,abardea@com.com,Sales Representative,2013-03-20,Reallinks,437 Fairfield Pass,Gendiwu,,,126-632-4020
195,Jordan,Diano,jdiano5e@privacy.gov.au,Research Assistant IV,2007-11-23,Bubbletube,158 Ronald Regan Road,Vargem Grande do Sul,,13880-000,861-582-1593
73,Erik,Kells,ekells20@arstechnica.com,Safety Technician III,2009-04-05,Gigaclub,99 Tennyson Place,Xialaxiu,,,239-894-2976
30,Adolph,Woodrow,awoodrowt@patch.com,VP Product Management,2019-03-18,Devbug,458 Hansons Plaza,Żoliborz,,05-094,356-318-1443
92,Anna,Labbati,alabbati2j@squarespace.com,VP Product Management,2019-04-15,Demizz,408 Mosinee Junction,Tây Hồ,,,393-519-2856
109,Sapphira,Tatlowe,statlowe30@dropbox.com,VP Product Management,2021-12-06,Ozu,2 Moose Road,Cipari,,,469-502-7415
176,Odelle,Rosenthal,orosenthal4v@list-manage.com,VP Product Management,2001-12-28,Jaloo,6060 Burrows Way,Dhali,,,702-720-2560
70,Angelica,Gummery,agummery1x@symantec.com,Accounting Assistant I,2000-09-23,Twitternation,57 Dorton Way,Canoas,,92000-000,428-118-5731
108,Delilah,Brilon,dbrilon2z@dedecms.com,Administrative Officer,2016-10-16,Blogpad,4 Summer Ridge Drive,Wenfu,,,471-817-7113
153,Viola,Clancey,vclancey48@gnu.org,Administrative Officer,2006-10-26,Livepath,7395 Barby Crossing,Seseng,,,174-314-3279
9,Vivian,Belden,vbelden8@google.co.jp,Nuclear Power Engineer,2008-03-30,Feedbug,18 Leroy Alley,Itabaiana,,49500-000,194-877-4165
84,Georgine,Abercromby,gabercromby2b@cpanel.net,Nuclear Power Engineer,2012-08-31,Aibox,39892 Melvin Terrace,Naj‘ Ḩammādī,,,884-457-9913
24,Marie-jeanne,Keggin,mkegginn@imgur.com,Programmer Analyst III,2003-08-28,Edgewire,29048 Dakota Avenue,Curpahuasi,,,692-512-0724
88,Benedict,Nolton,bnolton2f@mlb.com,Programmer Analyst III,2005-10-09,Flipstorm,82 Holmberg Place,Kōfu-shi,,409-3841,441-799-3815
50,Burlie,Lafranconi,blafranconi1d@scientificamerican.com,Senior Cost Accountant,2012-07-17,Jabbersphere,7 Grasskamp Court,Giồng Trôm,,,380-526-6697
173,Nataline,Tarling,ntarling4s@lycos.com,Senior Cost Accountant,2009-12-09,Wikivu,361 Sunfield Center,Qufu,,,916-578-6495
56,Adlai,Mullinder,amullinder1j@businesswire.com,Senior Sales Associate,2005-04-05,Yabox,3672 1st Terrace,Labo,,4604,935-272-7504
67,Kain,McClaren,kmcclaren1u@nba.com,Senior Sales Associate,2002-09-06,Camimbo,57 Anhalt Plaza,Lanxi,,,708-739-9304
146,Ofilia,Domenicone,odomenicone41@cnn.com,Senior Sales Associate,2019-11-13,Flipstorm,34 Westridge Pass,Xumu,,,201-795-6834
197,Rey,Lowrey,rlowrey5g@miitbeian.gov.cn,Senior Sales Associate,2002-01-28,Jabbertype,890 Fuller Terrace,Minyat an Naşr,,,666-217-4841
119,Timothy,Beddard,tbeddard3a@irs.gov,Assistant Media Planner,2019-12-27,JumpXS,51 Iowa Street,Xinglong,,,367-759-9837
177,Baxy,Bradman,bbradman4w@time.com,GIS Technical Architect,2003-09-07,Vipe,39091 Oneill Center,Karangpeton,,,831-291-8782
15,Hildegarde,Dadds,hdaddse@wikia.com,Human Resources Manager,2020-11-06,Ainyx,3841 Namekagon Terrace,San Jose,,8427,790-298-4628
59,Max,Petrolli,mpetrolli1m@mozilla.com,Human Resources Manager,2018-07-29,Youspan,673 Maple Point,Komsomolsk-on-Amur,,681008,784-815-9153
47,Oran,Deetlof,odeetlof1a@scientificamerican.com,Senior Quality Engineer,2007-07-13,Bubblebox,584 Hovde Circle,Rustam jo Goth,,78051,491-491-8058
112,Robin,Yeo,ryeo33@loc.gov,Senior Quality Engineer,2009-10-31,Thoughtbeat,41 Waxwing Crossing,Padhahegha,,,185-425-3880
185,Brynne,Wallbrook,bwallbrook54@surveymonkey.com,Senior Quality Engineer,2017-01-23,Rooxo,6 Gina Pass,General Lavalle,,7103,170-362-7401
110,Loraine,McCaughran,lmccaughran31@opensource.org,Systems Administrator I,2000-07-16,Tavu,080 Mallory Parkway,Tekes,,,993-227-7273
142,Quillan,Cersey,qcersey3x@indiegogo.com,Accounting Assistant III,2020-03-28,Muxo,6488 Ridgeway Hill,Thành Phố Nam Định,,,791-448-3242
79,Aura,Ashbee,aashbee26@aol.com,Automation Specialist II,2008-07-18,Quimba,974 Ilene Point,Krivodanovka,,630511,254-735-3674
105,Carlin,Laingmaid,claingmaid2w@geocities.com,Automation Specialist IV,2021-02-18,Kwideo,7 Portage Center,Molochnoye,,160555,529-317-4843
72,Florencia,Aleksankov,faleksankov1z@bbc.co.uk,Environmental Specialist,2016-05-02,Latz,785 New Castle Alley,Puerto Asís,,862069,898-450-8620
170,Terry,Baynham,tbaynham4p@skyrock.com,Environmental Specialist,2010-08-23,Skibox,31 Londonderry Crossing,Shuya,,143172,998-982-2814
7,Gill,Gercke,ggercke6@dagondesign.com,Senior Financial Analyst,2020-04-02,Abata,5184 Bay Terrace,Si Sa Ket,,33140,224-478-9949
8,Glyn,Micklewicz,gmicklewicz7@plala.or.jp,Senior Financial Analyst,2006-07-05,Photobean,3313 Warner Pass,São Miguel do Guamá,,68660-000,534-216-0386
78,Marabel,Pinnijar,mpinnijar25@cbc.ca,Senior Financial Analyst,2011-10-27,Gigabox,032 Gateway Crossing,Myrzakent,,,191-126-7310
154,Rianon,Melarkey,rmelarkey49@cornell.edu,Software Test Engineer I,2017-06-14,Flashpoint,23 Elmside Place,Şurmān,,,986-589-5410
25,Birgit,O'Mullaney,bomullaneyo@twitter.com,Software Test Engineer II,2021-05-05,Trudeo,9 Ridgeway Plaza,Songshu,,,977-945-9626
66,Sheelagh,Fernyhough,sfernyhough1t@friendfeed.com,Systems Administrator III,2005-01-10,Browsecat,215 Mallard Court,Huangqiao,,,555-851-5275
150,Dasha,Schinetti,dschinetti45@dailymail.co.uk,Account Representative III,2014-12-31,Twimm,22092 David Terrace,Polo,,1444,605-603-9431
183,Dermot,Fallens,dfallens52@ca.gov,Computer Systems Analyst I,2006-09-27,Tazzy,849 Mockingbird Point,Hamhŭng,,,625-717-1247
29,Beaufort,Moyers,bmoyerss@marketwatch.com,Desktop Support Technician,2002-07-08,Fivechat,36 Shopko Terrace,Pār Naogaon,,9202,848-424-7528
85,Kalina,Kording,kkording2c@businessinsider.com,Desktop Support Technician,2012-02-26,Bubblemix,27 Loomis Avenue,La Victoria,,155007,500-798-9541
168,Wilmer,Westell,wwestell4n@oracle.com,Physical Therapy Assistant,2012-07-29,Jaloo,1601 Buena Vista Hill,Cidikit Girang,,,599-869-5731
33,Teresita,Eckh,teckhw@nymag.com,Quality Control Specialist,2004-01-11,Pixope,6 Kings Circle,Buri,,18290-000,159-983-7094
139,Wylma,Halladey,whalladey3u@google.co.jp,Quality Control Specialist,2009-04-29,Tagpad,67 Vernon Terrace,Navatat,,0905,988-899-8347
180,Dewitt,Drissell,ddrissell4z@ed.gov,Quality Control Specialist,2014-03-31,Izio,0 Forest Alley,Sukasenang,,,677-166-3368
63,Whitaker,Goodlud,wgoodlud1q@sina.com.cn,Software Test Engineer III,2004-09-11,Brightbean,61 Farwell Lane,Kanluran,,4107,405-576-9644
188,Mora,Kment,mkment57@princeton.edu,Administrative Assistant IV,2001-12-10,Feedbug,8701 Rieder Drive,Dobre Miasto,,11-040,517-186-9841
21,Elladine,Retchford,eretchfordk@blinklist.com,Budget/Accounting Analyst I,2008-01-31,Demizz,51 Spaight Place,Si Racha,,20110,665-462-1676
133,Hannie,Maly,hmaly3o@dailymotion.com,Computer Systems Analyst II,2016-05-08,Latz,96409 Mariners Cove Park,Fuying,,,677-406-1921
96,Esme,Paddison,epaddison2n@kickstarter.com,Information Systems Manager,2009-05-23,Yakitri,155 Shelley Alley,Shijiao,,,505-580-6535
76,Joelly,Stedmond,jstedmond23@pagesperso-orange.fr,Mechanical Systems Engineer,2002-09-25,Aivee,21894 Graceland Parkway,Kiuruvesi,,74701,345-125-8818
118,Aili,Crame,acrame39@ihg.com,Structural Analysis Engineer,2018-04-19,Podcat,01 Fairview Way,Nossa Senhora da Glória,,49680-000,971-913-3605
57,Rinaldo,Brotherton,rbrotherton1k@ox.ac.uk,Analog Circuit Design manager,2016-09-19,Shufflebeat,61916 Forest Dale Plaza,Niu,,,170-887-6459
127,Natal,Call,ncall3i@icio.us,Analog Circuit Design manager,2016-02-20,Kaymbo,29106 Bartillon Park,Mitrofanovka,,618541,391-193-5023
35,Hattie,Allso,hallsoy@utexas.edu,Community Outreach Specialist,2021-11-09,Yombu,54 Emmet Park,Kayapa,,3708,815-130-4344
125,Marji,Whelpdale,mwhelpdale3g@google.fr,Community Outreach Specialist,2013-12-19,Thoughtworks,2 Vernon Lane,Tangkeng,,,135-157-3509
145,Vivian,Polley,vpolley40@nydailynews.com,Community Outreach Specialist,2011-08-12,Twitterworks,73440 Atwood Road,Chandra,,,642-588-8811
93,Cosme,Filtness,cfiltness2k@engadget.com,Human Resources Assistant III,2018-01-03,Muxo,6 Monica Way,Panjir,,,907-278-1074
28,Bernardine,Denisyev,bdenisyevr@photobucket.com,Business Systems Development Analyst,2003-05-22,Photobean,3922 Roxbury Way,Hanfeng,,,104-512-1462
178,Gail,Elleray,gelleray4x@linkedin.com,Database Administrator I,2018-12-30,Jetwire,06 Sullivan Trail,Boavista,Braga,4905-014,861-778-6094
124,Alicia,Poxon,apoxon3f@360.cn,Quality Control Specialist,2008-01-28,Dynazzy,98 Hanson Point,Rio Covo,Braga,4755-463,300-243-1027
155,Coleman,Saunt,csaunt4a@360.cn,Structural Analysis Engineer,2001-11-16,Avavee,008 Basil Parkway,Ponte,Porto,4610-475,125-869-0524
44,Lucy,Kyndred,lkyndred17@prlog.org,Research Assistant III,2012-12-04,Dabtype,08 Tomscot Plaza,Kota Kinabalu,Sabah,88906,505-978-6921
1,Moria,Lyttle,mlyttle0@etsy.com,Librarian,2010-03-02,Devpulse,92321 Ruskin Alley,Valença do Douro,Viseu,5120-504,585-859-6342
51,Corbett,Clendinning,cclendinning1e@nationalgeographic.com,Compensation Analyst,2018-07-30,Ailane,1247 Welch Drive,Arcos,Viseu,5120-040,613-940-8122
12,Kelbee,Dawdary,kdawdaryb@printfriendly.com,Senior Quality Engineer,2016-08-16,Blognation,82566 Waxwing Junction,Quintã,Viseu,5100-724,318-466-9091
193,Christie,Mesnard,cmesnard5c@yale.edu,Cost Accountant,2015-10-02,Topiczoom,8 Dawn Alley,Mirões,Aveiro,3700-622,562-811-3986
131,Sinclare,Costan,scostan3m@myspace.com,Financial Analyst,2014-06-07,Zava,07070 Cordelia Road,Phoenix,Arizona,85067,602-724-3629
10,Ibbie,Giotto,igiotto9@columbia.edu,Software Test Engineer I,2012-03-19,Bubbletube,64173 Acker Trail,Halmstad,Halland,301 10,811-242-5335
200,Sergent,Iohananof,siohananof5j@nymag.com,Community Outreach Specialist,2015-11-03,Realbridge,18219 Hauk Alley,Evansville,Indiana,47737,812-854-0471
171,Phineas,Apthorpe,papthorpe4q@wix.com,Registered Nurse,2002-02-02,Cogidoo,662 Thierer Hill,Uppsala,Uppsala,757 54,204-592-3833
60,Hertha,Sturr,hsturr1n@qq.com,Professor,2016-03-05,Youbridge,1650 Colorado Court,Kumla,Örebro,692 24,479-167-8890
48,Dante,Pellingar,dpellingar1b@admin.ch,Programmer Analyst I,2011-04-26,Dynazzy,03889 Browning Crossing,Örebro,Örebro,701 86,109-318-1430
4,Brucie,Buckby,bbuckby3@berkeley.edu,Mechanical Systems Engineer,2020-06-22,Realcube,596 Kropf Center,Jamaica,New York,11470,212-915-5943
147,Jason,Phelipeau,jphelipeau42@cafepress.com,Software Engineer III,2008-10-14,Dynabox,3397 Reinke Place,São João de Caparica,Setúbal,2825-453,464-134-6974
53,Karol,Constantine,kconstantine1g@nyu.edu,Structural Engineer,2015-08-21,Skiptube,413 6th Junction,Ingarö,Stockholm,134 61,212-735-4322
42,Audre,Sommerland,asommerland15@flickr.com,Senior Quality Engineer,2003-05-15,Thoughtmix,322 Schmedeman Park,Chaves,Vila Real,5400-006,209-469-2756
39,Huntley,Dymond,hdymond12@buzzfeed.com,Recruiting Manager,2002-05-03,Fivechat,36504 Hansons Park,Salinas,California,93907,831-432-2760
55,Ettore,Zarb,ezarb1i@instagram.com,Registered Nurse,2008-11-25,Kazio,7054 Fallview Crossing,Buenavista,Guanajuato,38796,746-381-0902
17,Ethan,Isaq,eisaqg@guardian.co.uk,Staff Accountant I,2013-02-08,Shufflester,72789 Schurz Place,Guanajuato,Guanajuato,36780,948-889-6386
159,Clement,Austin,caustin4e@reuters.com,Electrical Engineer,2014-07-09,Yodoo,4405 Towne Center,Söderhamn,Gävleborg,826 70,276-498-8505
61,Dew,Conrart,dconrart1o@oakley.com,Environmental Specialist,2005-03-15,Zoomcast,44 Dorton Road,Sandviken,Gävleborg,811 53,819-287-8796
160,Aurea,Gallamore,agallamore4f@soundcloud.com,Human Resources Assistant I,2010-06-23,Muxo,93 Wayridge Circle,Oxford,Nova Scotia,K7A,110-886-7664
87,Michelina,O'Lennachain,molennachain2e@addthis.com,Social Worker,2006-07-22,Quire,4 Buell Way,Pittsburgh,Pennsylvania,15266,-430-0293
166,Odelle,Bread,obread4l@godaddy.com,Staff Accountant II,2012-07-29,Gigazoom,50 Jay Circle,São Bartolomeu,Ilha Terceira,9700-505,921-705-2317
52,Cissiee,Pybworth,cpybworth1f@redcross.org,Biostatistician II,2006-04-16,InnoZ,42632 Quincy Street,Horta,Ilha do Faial,9900-016,849-524-9716
43,Roxi,Langwade,rlangwade16@nytimes.com,Compensation Analyst,2000-02-13,Teklist,784 Helena Drive,Montreuil,Île-de-France,93104 CEDEX,144-344-1428
54,Stephine,Sunley,ssunley1h@wikispaces.com,Director of Sales,2021-06-12,Youbridge,7583 American Drive,Västra Frölunda,Västra Götaland,426 57,390-118-3623
27,Elfreda,Sorel,esorelq@ucla.edu,Environmental Specialist,2002-09-05,Eadel,5 Thierer Center,Arras,Nord-Pas-de-Calais,62036 CEDEX,128-919-6033
3,Karilynn,Colvin,kcolvin2@infoseek.co.jp,Graphic Designer,2010-05-30,Thoughtbridge,9 Hermina Circle,Groningen,Provincie Groningen,9704,648-813-4622
164,Darbie,Fores,dfores4j@creativecommons.org,Quality Control Specialist,2000-02-24,Quire,86 Sutteridge Terrace,Perpignan,Languedoc-Roussillon,66845 CEDEX,916-345-6843
141,Selena,Prydie,sprydie3w@51.la,Compensation Analyst,2007-04-25,Roombo,24386 Red Cloud Park,Schiedam postbusnummers,Provincie Zuid-Holland,3104,805-480-4652
151,Maximilianus,Pulsford,mpulsford46@cbc.ca,Quality Engineer,2021-11-10,Fanoodle,4 Stone Corner Lane,Veghel,Provincie Noord-Brabant,5464,432-373-9278